season,team,win_pct_men,win_pct_women,diff_win_pct_abs,rank_diff_win_pct_abs,win_pct_avg_men,win_pct_avg_women,diff_win_pct_avg_abs,rank_diff_win_pct_avg_abs
2006-07,Akron,0.59,0.33,0.25,1395.0,0.56,0.33,0.24,1368.0
2007-08,Akron,0.55,0.31,0.24,1373.0,0.51,0.3,0.21,1291.0
2008-09,Akron,0.47,0.49,0.02,140.0,0.47,0.45,0.02,93.0
2009-10,Akron,0.47,0.44,0.03,222.0,0.44,0.46,0.02,93.0
2010-11,Akron,0.4,0.48,0.09,709.0,0.34,0.48,0.14,982.0
2011-12,Akron,0.4,0.37,0.03,222.0,0.35,0.34,0.0,1.0
2012-13,Akron,0.43,0.55,0.12,907.0,0.39,0.57,0.18,1174.0
2013-14,Akron,0.52,0.57,0.04,316.0,0.51,0.55,0.04,268.0
2014-15,Akron,0.51,0.49,0.03,222.0,0.5,0.49,0.01,30.0
2019-20,Akron,0.43,0.45,0.01,44.0,0.28,0.44,0.16,1086.0
2020-21,Akron,0.33,0.21,0.12,907.0,0.33,0.24,0.09,663.0
2021-22,Akron,0.43,0.41,0.02,140.0,0.38,0.42,0.04,268.0
2006-07,Alabama,0.56,0.66,0.1,778.0,0.54,0.58,0.04,268.0
2007-08,Alabama,0.54,0.64,0.1,778.0,0.54,0.55,0.01,30.0
2008-09,Alabama,0.64,0.67,0.03,222.0,0.69,0.61,0.08,587.0
2009-10,Alabama,0.65,0.59,0.06,481.0,0.72,0.5,0.22,1312.0
2010-11,Alabama,0.62,0.65,0.03,222.0,0.67,0.58,0.09,663.0
2011-12,Alabama,0.53,0.64,0.1,778.0,0.65,0.54,0.11,815.0
2012-13,Alabama,0.63,0.62,0.01,44.0,0.71,0.58,0.13,931.0
2013-14,Alabama,0.58,0.7,0.12,907.0,0.62,0.66,0.04,268.0
2014-15,Alabama,0.58,0.67,0.09,709.0,0.65,0.64,0.01,30.0
2015-16,Alabama,0.6,0.65,0.05,404.0,0.68,0.61,0.07,501.0
2016-17,Alabama,0.51,0.67,0.16,1119.0,0.62,0.65,0.04,268.0
2017-18,Alabama,0.57,0.6,0.04,316.0,0.66,0.59,0.06,440.0
2018-19,Alabama,0.59,0.71,0.12,907.0,0.67,0.65,0.02,93.0
2019-20,Alabama,0.7,0.54,0.16,1119.0,0.77,0.55,0.22,1312.0
2020-21,Alabama,0.68,0.68,0.0,1.0,0.78,0.6,0.18,1174.0
2021-22,Alabama,0.65,0.62,0.04,316.0,0.69,0.59,0.1,746.0
2014-15,Appalachian St.,0.38,0.45,0.06,481.0,0.44,0.48,0.04,268.0
2015-16,Appalachian St.,0.39,0.37,0.02,140.0,0.49,0.42,0.07,501.0
2016-17,Appalachian St.,0.39,0.28,0.11,836.0,0.47,0.27,0.2,1261.0
2017-18,Appalachian St.,0.42,0.32,0.1,778.0,0.49,0.32,0.17,1131.0
2018-19,Appalachian St.,0.45,0.6,0.15,1075.0,0.53,0.62,0.09,663.0
2019-20,Appalachian St.,0.64,0.44,0.19,1253.0,0.69,0.46,0.23,1339.0
2020-21,Appalachian St.,0.48,0.48,0.0,1.0,0.56,0.4,0.16,1086.0
2021-22,Appalachian St.,0.47,0.45,0.03,222.0,0.52,0.43,0.09,663.0
2006-07,Arizona,0.67,0.59,0.08,629.0,0.62,0.52,0.1,746.0
2007-08,Arizona,0.62,0.54,0.08,629.0,0.55,0.49,0.07,501.0
2008-09,Arizona,0.57,0.6,0.02,140.0,0.59,0.55,0.04,268.0
2009-10,Arizona,0.57,0.67,0.1,778.0,0.57,0.62,0.05,349.0
2010-11,Arizona,0.68,0.67,0.02,140.0,0.66,0.66,0.0,1.0
2011-12,Arizona,0.67,0.6,0.07,561.0,0.58,0.58,0.0,1.0
2012-13,Arizona,0.67,0.51,0.16,1119.0,0.67,0.49,0.18,1174.0
2013-14,Arizona,0.59,0.56,0.03,222.0,0.63,0.51,0.12,872.0
2014-15,Arizona,0.7,0.6,0.1,778.0,0.72,0.57,0.15,1034.0
2015-16,Arizona,0.68,0.57,0.1,778.0,0.65,0.55,0.1,746.0
2016-17,Arizona,0.68,0.68,0.01,44.0,0.59,0.63,0.04,268.0
2017-18,Arizona,0.65,0.51,0.15,1075.0,0.64,0.44,0.2,1261.0
2018-19,Arizona,0.54,0.7,0.16,1119.0,0.51,0.68,0.17,1131.0
2019-20,Arizona,0.59,0.69,0.1,778.0,0.55,0.71,0.15,1034.0
2020-21,Arizona,0.66,0.69,0.03,222.0,0.46,0.66,0.21,1291.0
2021-22,Arizona,0.68,0.61,0.08,629.0,0.55,0.61,0.06,440.0
2006-07,Arizona St.,0.6,0.73,0.13,957.0,0.52,0.71,0.19,1217.0
2007-08,Arizona St.,0.73,0.76,0.03,222.0,0.73,0.69,0.03,177.0
2008-09,Arizona St.,0.72,0.65,0.07,561.0,0.64,0.62,0.01,30.0
2009-10,Arizona St.,0.73,0.61,0.12,907.0,0.61,0.57,0.04,268.0
2010-11,Arizona St.,0.59,0.73,0.14,1025.0,0.53,0.66,0.13,931.0
2011-12,Arizona St.,0.52,0.65,0.13,957.0,0.48,0.58,0.11,815.0
2012-13,Arizona St.,0.63,0.65,0.03,222.0,0.62,0.6,0.02,93.0
2013-14,Arizona St.,0.62,0.71,0.1,778.0,0.64,0.69,0.05,349.0
2014-15,Arizona St.,0.61,0.67,0.06,481.0,0.64,0.68,0.04,268.0
2015-16,Arizona St.,0.55,0.62,0.08,629.0,0.51,0.65,0.13,931.0
2016-17,Arizona St.,0.43,0.53,0.1,778.0,0.43,0.52,0.09,663.0
2017-18,Arizona St.,0.5,0.63,0.13,957.0,0.53,0.58,0.05,349.0
2018-19,Arizona St.,0.65,0.6,0.05,404.0,0.63,0.59,0.04,268.0
2019-20,Arizona St.,0.67,0.64,0.03,222.0,0.68,0.65,0.03,177.0
2020-21,Arizona St.,0.55,0.56,0.01,44.0,0.51,0.5,0.01,30.0
2021-22,Arizona St.,0.49,0.61,0.11,836.0,0.52,0.59,0.07,501.0
2006-07,Arkansas,0.65,0.44,0.21,1320.0,0.66,0.49,0.18,1174.0
2007-08,Arkansas,0.61,0.52,0.09,709.0,0.62,0.5,0.11,815.0
2008-09,Arkansas,0.56,0.44,0.12,907.0,0.5,0.43,0.08,587.0
2009-10,Arkansas,0.6,0.45,0.15,1075.0,0.57,0.44,0.14,982.0
2010-11,Arkansas,0.64,0.42,0.22,1346.0,0.67,0.45,0.22,1312.0
2011-12,Arkansas,0.66,0.59,0.08,629.0,0.7,0.61,0.09,663.0
2012-13,Arkansas,0.59,0.64,0.05,404.0,0.52,0.65,0.12,872.0
2013-14,Arkansas,0.59,0.54,0.05,404.0,0.5,0.55,0.05,349.0
2014-15,Arkansas,0.65,0.42,0.23,1362.0,0.63,0.45,0.18,1174.0
2015-16,Arkansas,0.5,0.4,0.1,778.0,0.53,0.42,0.11,815.0
2016-17,Arkansas,0.69,0.46,0.23,1362.0,0.65,0.43,0.22,1312.0
2017-18,Arkansas,0.65,0.62,0.03,222.0,0.56,0.59,0.03,177.0
2018-19,Arkansas,0.59,0.59,0.01,44.0,0.46,0.57,0.1,746.0
2019-20,Arkansas,0.55,0.61,0.06,481.0,0.49,0.62,0.13,931.0
2020-21,Arkansas,0.74,0.74,0.01,44.0,0.62,0.71,0.09,663.0
2021-22,Arkansas,0.76,0.68,0.08,629.0,0.75,0.67,0.08,587.0
2006-07,Army,0.47,0.55,0.07,561.0,0.42,0.61,0.19,1217.0
2007-08,Army,0.46,0.5,0.04,316.0,0.41,0.56,0.15,1034.0
2008-09,Army,0.51,0.57,0.06,481.0,0.42,0.62,0.2,1261.0
2009-10,Army,0.55,0.61,0.07,561.0,0.51,0.6,0.1,746.0
2010-11,Army,0.44,0.52,0.08,629.0,0.45,0.51,0.06,440.0
2011-12,Army,0.57,0.62,0.05,404.0,0.46,0.62,0.15,1034.0
2012-13,Army,0.49,0.64,0.14,1025.0,0.41,0.66,0.24,1368.0
2013-14,Army,0.54,0.56,0.02,140.0,0.46,0.58,0.12,872.0
2014-15,Army,0.45,0.54,0.09,709.0,0.43,0.56,0.13,931.0
2015-16,Army,0.4,0.74,0.34,1472.0,0.36,0.76,0.4,1479.0
2016-17,Army,0.46,0.66,0.2,1298.0,0.49,0.66,0.17,1131.0
2017-18,Army,0.58,0.53,0.05,404.0,0.6,0.54,0.06,440.0
2018-19,Army,0.56,0.44,0.11,836.0,0.61,0.44,0.17,1131.0
2019-20,Army,0.44,0.51,0.07,561.0,0.42,0.51,0.09,663.0
2020-21,Army,0.56,0.5,0.06,481.0,0.6,0.53,0.07,501.0
2021-22,Army,0.5,0.49,0.01,44.0,0.54,0.51,0.03,177.0
2006-07,Auburn,0.58,0.5,0.09,709.0,0.64,0.5,0.14,982.0
2007-08,Auburn,0.52,0.56,0.05,404.0,0.55,0.54,0.02,93.0
2008-09,Auburn,0.58,0.53,0.04,316.0,0.55,0.53,0.02,93.0
2009-10,Auburn,0.61,0.52,0.08,629.0,0.59,0.51,0.07,501.0
2010-11,Auburn,0.52,0.62,0.09,709.0,0.62,0.6,0.02,93.0
2011-12,Auburn,0.52,0.49,0.03,222.0,0.54,0.46,0.08,587.0
2012-13,Auburn,0.45,0.56,0.11,836.0,0.37,0.56,0.19,1217.0
2013-14,Auburn,0.54,0.64,0.1,778.0,0.61,0.62,0.02,93.0
2014-15,Auburn,0.54,0.64,0.09,709.0,0.55,0.56,0.01,30.0
2015-16,Auburn,0.41,0.73,0.32,1461.0,0.43,0.68,0.25,1390.0
2016-17,Auburn,0.58,0.66,0.08,629.0,0.59,0.61,0.02,93.0
2017-18,Auburn,0.69,0.61,0.08,629.0,0.71,0.58,0.13,931.0
2018-19,Auburn,0.64,0.61,0.03,222.0,0.65,0.59,0.06,440.0
2019-20,Auburn,0.76,0.39,0.37,1479.0,0.74,0.39,0.35,1470.0
2020-21,Auburn,0.49,0.4,0.09,709.0,0.5,0.25,0.25,1390.0
2021-22,Auburn,0.7,0.57,0.13,957.0,0.65,0.53,0.11,815.0
2006-07,BYU,0.7,0.72,0.01,44.0,0.74,0.73,0.01,30.0
2007-08,BYU,0.57,0.65,0.08,629.0,0.67,0.63,0.04,268.0
2008-09,BYU,0.65,0.64,0.01,44.0,0.69,0.62,0.08,587.0
2009-10,BYU,0.64,0.69,0.06,481.0,0.72,0.66,0.05,349.0
2010-11,BYU,0.65,0.65,0.0,1.0,0.65,0.63,0.02,93.0
2011-12,BYU,0.6,0.75,0.15,1075.0,0.65,0.75,0.09,663.0
2012-13,BYU,0.63,0.68,0.05,404.0,0.63,0.71,0.08,587.0
2013-14,BYU,0.52,0.7,0.18,1223.0,0.56,0.73,0.17,1131.0
2014-15,BYU,0.6,0.76,0.16,1119.0,0.62,0.76,0.15,1034.0
2015-16,BYU,0.69,0.74,0.05,404.0,0.69,0.77,0.08,587.0
2016-17,BYU,0.65,0.77,0.12,907.0,0.66,0.77,0.11,815.0
2017-18,BYU,0.51,0.68,0.17,1178.0,0.48,0.69,0.21,1291.0
2018-19,BYU,0.63,0.71,0.08,629.0,0.6,0.78,0.18,1174.0
2019-20,BYU,0.62,0.7,0.08,629.0,0.57,0.68,0.11,815.0
2020-21,BYU,0.6,0.76,0.16,1119.0,0.7,0.79,0.08,587.0
2021-22,BYU,0.66,0.84,0.18,1223.0,0.68,0.84,0.16,1086.0
2006-07,Ball St.,0.35,0.5,0.15,1075.0,0.36,0.52,0.16,1086.0
2007-08,Ball St.,0.43,0.44,0.01,44.0,0.42,0.4,0.02,93.0
2008-09,Ball St.,0.54,0.55,0.01,44.0,0.61,0.55,0.05,349.0
2009-10,Ball St.,0.46,0.6,0.14,1025.0,0.39,0.55,0.17,1131.0
2010-11,Ball St.,0.4,0.57,0.17,1178.0,0.41,0.57,0.16,1086.0
2011-12,Ball St.,0.38,0.63,0.25,1395.0,0.43,0.59,0.17,1131.0
2012-13,Ball St.,0.56,0.58,0.02,140.0,0.59,0.55,0.03,177.0
2013-14,Ball St.,0.54,0.64,0.1,778.0,0.54,0.64,0.1,746.0
2014-15,Ball St.,0.45,0.57,0.12,907.0,0.41,0.56,0.16,1086.0
2015-16,Ball St.,0.53,0.5,0.03,222.0,0.47,0.53,0.06,440.0
2016-17,Ball St.,0.53,0.53,0.0,1.0,0.49,0.54,0.05,349.0
2017-18,Ball St.,0.52,0.69,0.17,1178.0,0.44,0.7,0.26,1400.0
2018-19,Ball St.,0.57,0.55,0.02,140.0,0.49,0.54,0.04,268.0
2019-20,Ball St.,0.5,0.65,0.15,1075.0,0.47,0.65,0.18,1174.0
2020-21,Ball St.,0.63,0.59,0.04,316.0,0.66,0.55,0.11,815.0
2021-22,Ball St.,0.53,0.61,0.08,629.0,0.51,0.61,0.1,746.0
2006-07,Baylor,0.51,0.71,0.19,1253.0,0.46,0.69,0.23,1339.0
2007-08,Baylor,0.55,0.57,0.03,222.0,0.49,0.58,0.1,746.0
2008-09,Baylor,0.54,0.68,0.14,1025.0,0.49,0.68,0.19,1217.0
2009-10,Baylor,0.63,0.64,0.01,44.0,0.57,0.65,0.08,587.0
2010-11,Baylor,0.54,0.75,0.2,1298.0,0.55,0.73,0.18,1174.0
2011-12,Baylor,0.76,0.71,0.05,404.0,0.77,0.72,0.05,349.0
2012-13,Baylor,0.55,0.76,0.2,1298.0,0.58,0.76,0.18,1174.0
2013-14,Baylor,0.58,0.69,0.11,836.0,0.66,0.67,0.01,30.0
2014-15,Baylor,0.57,0.7,0.13,957.0,0.66,0.68,0.03,177.0
2015-16,Baylor,0.56,0.77,0.21,1320.0,0.62,0.77,0.14,982.0
2016-17,Baylor,0.65,0.77,0.12,907.0,0.64,0.77,0.14,982.0
2017-18,Baylor,0.55,0.78,0.23,1362.0,0.43,0.81,0.38,1476.0
2018-19,Baylor,0.61,0.63,0.01,44.0,0.59,0.68,0.09,663.0
2019-20,Baylor,0.78,0.9,0.11,836.0,0.76,0.88,0.12,872.0
2020-21,Baylor,0.68,0.71,0.03,222.0,0.59,0.74,0.15,1034.0
2021-22,Baylor,0.69,0.7,0.01,44.0,0.72,0.71,0.01,30.0
2019-20,Boise St.,0.68,0.63,0.05,404.0,0.7,0.62,0.08,587.0
2006-07,Boston College,0.57,0.38,0.19,1253.0,0.63,0.39,0.24,1368.0
2007-08,Boston College,0.52,0.52,0.0,1.0,0.58,0.53,0.05,349.0
2008-09,Boston College,0.6,0.42,0.19,1253.0,0.62,0.42,0.2,1261.0
2009-10,Boston College,0.52,0.4,0.12,907.0,0.54,0.41,0.12,872.0
2010-11,Boston College,0.46,0.39,0.07,561.0,0.5,0.4,0.1,746.0
2011-12,Boston College,0.36,0.32,0.03,222.0,0.34,0.3,0.04,268.0
2012-13,Boston College,0.31,0.31,0.0,1.0,0.29,0.32,0.03,177.0
2013-14,Boston College,0.37,0.44,0.07,561.0,0.4,0.41,0.02,93.0
2014-15,Boston College,0.47,0.46,0.01,44.0,0.48,0.45,0.03,177.0
2015-16,Boston College,0.45,0.49,0.05,404.0,0.36,0.47,0.11,815.0
2016-17,Boston College,0.42,0.42,0.01,44.0,0.43,0.38,0.05,349.0
2017-18,Boston College,0.44,0.39,0.05,404.0,0.48,0.34,0.13,931.0
2018-19,Boston College,0.51,0.41,0.11,836.0,0.52,0.43,0.09,663.0
2019-20,Boston College,0.42,0.58,0.16,1119.0,0.42,0.56,0.14,982.0
2020-21,Boston College,0.39,0.31,0.08,629.0,0.39,0.32,0.07,501.0
2021-22,Boston College,0.42,0.54,0.12,907.0,0.44,0.54,0.1,746.0
2006-07,Bowling Green,0.4,0.8,0.4,1485.0,0.39,0.81,0.42,1482.0
2007-08,Bowling Green,0.56,0.61,0.05,404.0,0.55,0.63,0.07,501.0
2008-09,Bowling Green,0.56,0.59,0.03,222.0,0.55,0.62,0.08,587.0
2009-10,Bowling Green,0.54,0.49,0.05,404.0,0.53,0.5,0.03,177.0
2010-11,Bowling Green,0.38,0.44,0.07,561.0,0.33,0.46,0.13,931.0
2011-12,Bowling Green,0.42,0.66,0.24,1373.0,0.43,0.67,0.24,1368.0
2012-13,Bowling Green,0.45,0.62,0.17,1178.0,0.49,0.63,0.15,1034.0
2013-14,Bowling Green,0.48,0.57,0.09,709.0,0.52,0.6,0.07,501.0
2014-15,Bowling Green,0.53,0.34,0.2,1298.0,0.56,0.32,0.23,1339.0
2015-16,Bowling Green,0.42,0.32,0.11,836.0,0.5,0.31,0.19,1217.0
2016-17,Bowling Green,0.34,0.45,0.11,836.0,0.35,0.45,0.11,815.0
2017-18,Bowling Green,0.31,0.49,0.18,1223.0,0.3,0.48,0.19,1217.0
2018-19,Bowling Green,0.43,0.45,0.02,140.0,0.41,0.46,0.05,349.0
2019-20,Bowling Green,0.44,0.49,0.05,404.0,0.35,0.51,0.16,1086.0
2020-21,Bowling Green,0.41,0.65,0.24,1373.0,0.31,0.71,0.41,1481.0
2021-22,Bowling Green,0.33,0.62,0.29,1441.0,0.33,0.62,0.29,1437.0
2006-07,Buffalo,0.32,0.24,0.08,629.0,0.29,0.27,0.02,93.0
2007-08,Buffalo,0.31,0.26,0.05,404.0,0.34,0.27,0.07,501.0
2008-09,Buffalo,0.48,0.34,0.14,1025.0,0.52,0.31,0.22,1312.0
2009-10,Buffalo,0.49,0.38,0.11,836.0,0.49,0.37,0.11,815.0
2010-11,Buffalo,0.37,0.41,0.04,316.0,0.34,0.43,0.09,663.0
2011-12,Buffalo,0.43,0.32,0.11,836.0,0.42,0.32,0.09,663.0
2012-13,Buffalo,0.5,0.35,0.14,1025.0,0.44,0.36,0.09,663.0
2013-14,Buffalo,0.56,0.58,0.02,140.0,0.59,0.58,0.01,30.0
2014-15,Buffalo,0.46,0.43,0.03,222.0,0.49,0.46,0.03,177.0
2015-16,Buffalo,0.46,0.38,0.09,709.0,0.46,0.39,0.08,587.0
2016-17,Buffalo,0.38,0.3,0.08,629.0,0.34,0.33,0.01,30.0
2006-07,California,0.54,0.61,0.06,481.0,0.59,0.64,0.05,349.0
2007-08,California,0.57,0.7,0.13,957.0,0.55,0.72,0.17,1131.0
2008-09,California,0.56,0.73,0.17,1178.0,0.6,0.75,0.14,982.0
2009-10,California,0.6,0.67,0.08,629.0,0.61,0.67,0.06,440.0
2010-11,California,0.58,0.74,0.16,1119.0,0.53,0.73,0.2,1261.0
2011-12,California,0.59,0.82,0.23,1362.0,0.59,0.8,0.2,1261.0
2012-13,California,0.47,0.69,0.21,1320.0,0.44,0.68,0.24,1368.0
2013-14,California,0.48,0.55,0.07,561.0,0.39,0.57,0.18,1174.0
2014-15,California,0.58,0.6,0.02,140.0,0.53,0.57,0.04,268.0
2015-16,California,0.63,0.48,0.16,1119.0,0.63,0.45,0.19,1217.0
2016-17,California,0.51,0.51,0.0,1.0,0.5,0.49,0.01,30.0
2017-18,California,0.46,0.58,0.13,957.0,0.42,0.57,0.15,1034.0
2018-19,California,0.49,0.54,0.05,404.0,0.47,0.55,0.08,587.0
2019-20,California,0.44,0.53,0.09,709.0,0.46,0.53,0.08,587.0
2020-21,California,0.44,0.25,0.19,1253.0,0.35,0.19,0.17,1131.0
2021-22,California,0.44,0.43,0.01,44.0,0.44,0.42,0.02,93.0
2006-07,Central Florida,0.52,0.41,0.1,778.0,0.5,0.34,0.16,1086.0
2007-08,Central Florida,0.55,0.52,0.03,222.0,0.59,0.44,0.15,1034.0
2008-09,Central Florida,0.43,0.49,0.06,481.0,0.42,0.49,0.07,501.0
2009-10,Central Florida,0.56,0.51,0.05,404.0,0.56,0.47,0.09,663.0
2010-11,Central Florida,0.65,0.5,0.15,1075.0,0.68,0.52,0.16,1086.0
2011-12,Central Florida,0.67,0.6,0.07,561.0,0.6,0.58,0.03,177.0
2012-13,Central Florida,0.57,0.52,0.05,404.0,0.62,0.52,0.1,746.0
2013-14,Central Florida,0.59,0.61,0.01,44.0,0.65,0.57,0.08,587.0
2014-15,Central Florida,0.51,0.69,0.17,1178.0,0.54,0.64,0.09,663.0
2015-16,Central Florida,0.38,0.49,0.12,907.0,0.28,0.45,0.16,1086.0
2016-17,Central Florida,0.63,0.62,0.01,44.0,0.59,0.63,0.04,268.0
2017-18,Central Florida,0.66,0.62,0.04,316.0,0.74,0.62,0.12,872.0
2018-19,Central Florida,0.69,0.74,0.04,316.0,0.76,0.77,0.02,93.0
2019-20,Central Florida,0.67,0.74,0.06,481.0,0.71,0.74,0.03,177.0
2020-21,Central Florida,0.51,0.75,0.24,1373.0,0.53,0.78,0.25,1390.0
2021-22,Central Florida,0.61,0.81,0.2,1298.0,0.63,0.81,0.19,1217.0
2006-07,Central Michigan,0.57,0.51,0.06,481.0,0.59,0.5,0.08,587.0
2007-08,Central Michigan,0.5,0.5,0.0,1.0,0.51,0.48,0.03,177.0
2008-09,Central Michigan,0.47,0.47,0.0,1.0,0.5,0.49,0.0,1.0
2009-10,Central Michigan,0.62,0.53,0.09,709.0,0.66,0.52,0.14,982.0
2010-11,Central Michigan,0.44,0.58,0.15,1075.0,0.37,0.58,0.21,1291.0
2011-12,Central Michigan,0.45,0.55,0.1,778.0,0.38,0.55,0.17,1131.0
2012-13,Central Michigan,0.43,0.6,0.18,1223.0,0.44,0.6,0.15,1034.0
2013-14,Central Michigan,0.5,0.57,0.06,481.0,0.48,0.55,0.07,501.0
2014-15,Central Michigan,0.64,0.46,0.18,1223.0,0.62,0.44,0.18,1174.0
2015-16,Central Michigan,0.45,0.51,0.06,481.0,0.48,0.51,0.03,177.0
2016-17,Central Michigan,0.51,0.64,0.13,957.0,0.5,0.62,0.12,872.0
2017-18,Central Michigan,0.54,0.6,0.06,481.0,0.56,0.62,0.05,349.0
2018-19,Central Michigan,0.66,0.49,0.17,1178.0,0.5,0.49,0.01,30.0
2019-20,Central Michigan,0.5,0.64,0.14,1025.0,0.53,0.58,0.05,349.0
2020-21,Central Michigan,0.58,0.51,0.07,561.0,0.48,0.53,0.05,349.0
2021-22,Central Michigan,0.51,0.35,0.15,1075.0,0.54,0.35,0.19,1217.0
2015-16,Charlotte,0.39,0.53,0.14,1025.0,0.34,0.5,0.17,1131.0
2016-17,Charlotte,0.51,0.51,0.0,1.0,0.45,0.49,0.04,268.0
2017-18,Charlotte,0.41,0.46,0.05,404.0,0.29,0.48,0.19,1217.0
2018-19,Charlotte,0.37,0.45,0.08,629.0,0.37,0.48,0.11,815.0
2019-20,Charlotte,0.54,0.57,0.03,222.0,0.54,0.56,0.02,93.0
2020-21,Charlotte,0.56,0.6,0.04,316.0,0.45,0.6,0.14,982.0
2021-22,Charlotte,0.53,0.61,0.08,629.0,0.5,0.6,0.09,663.0
2019-20,Clemson,0.7,0.43,0.27,1420.0,0.76,0.44,0.31,1451.0
2020-21,Clemson,0.58,0.69,0.11,836.0,0.66,0.63,0.03,177.0
2021-22,Clemson,0.6,0.52,0.08,629.0,0.63,0.49,0.15,1034.0
2017-18,Coastal Carolina,0.57,0.56,0.01,44.0,0.46,0.58,0.12,872.0
2018-19,Coastal Carolina,0.54,0.59,0.05,404.0,0.5,0.57,0.07,501.0
2019-20,Coastal Carolina,0.51,0.8,0.29,1441.0,0.52,0.79,0.27,1411.0
2020-21,Coastal Carolina,0.61,0.5,0.11,836.0,0.69,0.49,0.2,1261.0
2021-22,Coastal Carolina,0.61,0.52,0.09,709.0,0.65,0.53,0.12,872.0
2006-07,Connecticut,0.53,0.67,0.14,1025.0,0.48,0.68,0.2,1261.0
2007-08,Connecticut,0.59,0.7,0.11,836.0,0.64,0.71,0.08,587.0
2008-09,Connecticut,0.69,0.73,0.04,316.0,0.69,0.74,0.05,349.0
2009-10,Connecticut,0.67,0.61,0.06,481.0,0.63,0.62,0.01,30.0
2010-11,Connecticut,0.71,0.54,0.17,1178.0,0.7,0.53,0.17,1131.0
2011-12,Connecticut,0.54,0.59,0.05,404.0,0.51,0.6,0.08,587.0
2012-13,Connecticut,0.57,0.65,0.08,629.0,0.55,0.67,0.12,872.0
2013-14,Connecticut,0.56,0.52,0.05,404.0,0.51,0.56,0.05,349.0
2014-15,Connecticut,0.53,0.55,0.02,140.0,0.44,0.57,0.13,931.0
2015-16,Connecticut,0.62,0.58,0.03,222.0,0.59,0.63,0.04,268.0
2016-17,Connecticut,0.5,0.59,0.08,629.0,0.43,0.62,0.19,1217.0
2017-18,Connecticut,0.52,0.53,0.01,44.0,0.44,0.57,0.13,931.0
2018-19,Connecticut,0.51,0.59,0.07,561.0,0.39,0.61,0.22,1312.0
2019-20,Connecticut,0.52,0.7,0.18,1223.0,0.46,0.69,0.23,1339.0
2021-22,Connecticut,0.65,0.73,0.08,629.0,0.53,0.73,0.2,1261.0
2017-18,Duke,0.72,0.6,0.12,907.0,0.68,0.62,0.06,440.0
2018-19,Duke,0.66,0.49,0.17,1178.0,0.67,0.51,0.16,1086.0
2019-20,Duke,0.71,0.6,0.11,836.0,0.66,0.61,0.05,349.0
2020-21,Duke,0.53,0.69,0.16,1119.0,0.44,0.66,0.21,1291.0
2021-22,Duke,0.59,0.68,0.1,778.0,0.5,0.66,0.16,1086.0
2008-09,East Carolina,0.62,0.6,0.02,140.0,0.59,0.57,0.02,93.0
2009-10,East Carolina,0.49,0.61,0.12,907.0,0.5,0.57,0.07,501.0
2010-11,East Carolina,0.6,0.47,0.13,957.0,0.55,0.41,0.14,982.0
2011-12,East Carolina,0.54,0.35,0.2,1298.0,0.5,0.31,0.19,1217.0
2012-13,East Carolina,0.59,0.41,0.19,1253.0,0.61,0.39,0.22,1312.0
2013-14,East Carolina,0.57,0.57,0.01,44.0,0.61,0.57,0.04,268.0
2014-15,East Carolina,0.58,0.45,0.13,957.0,0.57,0.48,0.08,587.0
2015-16,East Carolina,0.52,0.41,0.11,836.0,0.47,0.41,0.07,501.0
2016-17,East Carolina,0.48,0.45,0.03,222.0,0.41,0.44,0.03,177.0
2017-18,East Carolina,0.55,0.51,0.04,316.0,0.43,0.53,0.1,746.0
2018-19,East Carolina,0.56,0.46,0.1,778.0,0.43,0.47,0.04,268.0
2019-20,East Carolina,0.47,0.51,0.04,316.0,0.48,0.51,0.03,177.0
2020-21,East Carolina,0.61,0.34,0.28,1433.0,0.48,0.34,0.14,982.0
2021-22,East Carolina,0.56,0.39,0.17,1178.0,0.56,0.38,0.18,1174.0
2006-07,Eastern Michigan,0.46,0.52,0.06,481.0,0.35,0.51,0.16,1086.0
2007-08,Eastern Michigan,0.42,0.48,0.06,481.0,0.4,0.5,0.1,746.0
2008-09,Eastern Michigan,0.35,0.35,0.01,44.0,0.31,0.34,0.03,177.0
2009-10,Eastern Michigan,0.43,0.41,0.02,140.0,0.33,0.42,0.09,663.0
2010-11,Eastern Michigan,0.47,0.64,0.17,1178.0,0.36,0.64,0.28,1427.0
2011-12,Eastern Michigan,0.45,0.55,0.1,778.0,0.46,0.59,0.12,872.0
2012-13,Eastern Michigan,0.44,0.38,0.06,481.0,0.37,0.38,0.01,30.0
2013-14,Eastern Michigan,0.42,0.42,0.0,1.0,0.37,0.45,0.08,587.0
2014-15,Eastern Michigan,0.42,0.51,0.09,709.0,0.38,0.53,0.15,1034.0
2015-16,Eastern Michigan,0.4,0.48,0.07,561.0,0.34,0.5,0.16,1086.0
2016-17,Eastern Michigan,0.46,0.28,0.18,1223.0,0.49,0.27,0.22,1312.0
2017-18,Eastern Michigan,0.48,0.33,0.15,1075.0,0.48,0.35,0.13,931.0
2006-07,Florida,0.68,0.65,0.03,222.0,0.77,0.63,0.13,931.0
2007-08,Florida,0.63,0.84,0.22,1346.0,0.65,0.81,0.16,1086.0
2008-09,Florida,0.7,0.87,0.17,1178.0,0.76,0.85,0.09,663.0
2009-10,Florida,0.72,0.73,0.01,44.0,0.76,0.7,0.06,440.0
2010-11,Florida,0.74,0.78,0.04,316.0,0.71,0.77,0.06,440.0
2011-12,Florida,0.68,0.75,0.06,481.0,0.65,0.74,0.09,663.0
2012-13,Florida,0.63,0.79,0.15,1075.0,0.71,0.77,0.06,440.0
2013-14,Florida,0.7,0.78,0.08,629.0,0.63,0.77,0.14,982.0
2014-15,Florida,0.64,0.78,0.14,1025.0,0.6,0.73,0.13,931.0
2015-16,Florida,0.7,0.82,0.12,907.0,0.69,0.8,0.11,815.0
2016-17,Florida,0.73,0.77,0.04,316.0,0.72,0.74,0.01,30.0
2017-18,Florida,0.64,0.75,0.11,836.0,0.56,0.71,0.15,1034.0
2018-19,Florida,0.59,0.63,0.04,316.0,0.63,0.6,0.03,177.0
2019-20,Florida,0.75,0.72,0.03,222.0,0.8,0.73,0.07,501.0
2020-21,Florida,0.63,0.74,0.11,836.0,0.63,0.71,0.08,587.0
2021-22,Florida,0.58,0.73,0.15,1075.0,0.56,0.72,0.16,1086.0
2006-07,Florida Atlantic,0.56,0.47,0.09,709.0,0.52,0.41,0.11,815.0
2007-08,Florida Atlantic,0.52,0.41,0.12,907.0,0.54,0.34,0.2,1261.0
2008-09,Florida Atlantic,0.43,0.46,0.03,222.0,0.42,0.44,0.02,93.0
2009-10,Florida Atlantic,0.54,0.44,0.1,778.0,0.5,0.41,0.09,663.0
2010-11,Florida Atlantic,0.56,0.45,0.11,836.0,0.52,0.41,0.11,815.0
2011-12,Florida Atlantic,0.46,0.31,0.15,1075.0,0.35,0.32,0.03,177.0
2012-13,Florida Atlantic,0.55,0.42,0.13,957.0,0.45,0.39,0.06,440.0
2013-14,Florida Atlantic,0.45,0.54,0.09,709.0,0.45,0.52,0.08,587.0
2014-15,Florida Atlantic,0.53,0.59,0.06,481.0,0.42,0.57,0.15,1034.0
2015-16,Florida Atlantic,0.49,0.7,0.21,1320.0,0.39,0.65,0.26,1400.0
2016-17,Florida Atlantic,0.49,0.47,0.02,140.0,0.4,0.43,0.02,93.0
2017-18,Florida Atlantic,0.62,0.55,0.07,561.0,0.62,0.56,0.07,501.0
2018-19,Florida Atlantic,0.59,0.43,0.16,1119.0,0.53,0.45,0.08,587.0
2019-20,Florida Atlantic,0.59,0.47,0.13,957.0,0.63,0.46,0.17,1131.0
2020-21,Florida Atlantic,0.54,0.29,0.25,1395.0,0.53,0.29,0.24,1368.0
2021-22,Florida Atlantic,0.56,0.38,0.19,1253.0,0.53,0.35,0.17,1131.0
2006-07,Florida Intl,0.4,0.52,0.13,957.0,0.3,0.56,0.26,1400.0
2007-08,Florida Intl,0.31,0.5,0.19,1253.0,0.25,0.53,0.28,1427.0
2008-09,Florida Intl,0.51,0.52,0.01,44.0,0.47,0.51,0.04,268.0
2009-10,Florida Intl,0.44,0.67,0.23,1362.0,0.35,0.67,0.31,1451.0
2010-11,Florida Intl,0.56,0.55,0.01,44.0,0.52,0.56,0.04,268.0
2011-12,Florida Intl,0.47,0.6,0.12,907.0,0.48,0.62,0.14,982.0
2012-13,Florida Intl,0.46,0.48,0.02,140.0,0.42,0.47,0.05,349.0
2013-14,Florida Intl,0.53,0.53,0.0,1.0,0.4,0.5,0.1,746.0
2014-15,Florida Intl,0.48,0.35,0.12,907.0,0.44,0.3,0.14,982.0
2015-16,Florida Intl,0.46,0.43,0.03,222.0,0.44,0.4,0.04,268.0
2016-17,Florida Intl,0.42,0.51,0.09,709.0,0.36,0.42,0.05,349.0
2017-18,Florida Intl,0.48,0.42,0.07,561.0,0.51,0.36,0.15,1034.0
2018-19,Florida Intl,0.51,0.44,0.07,561.0,0.57,0.43,0.14,982.0
2019-20,Florida Intl,0.56,0.33,0.23,1362.0,0.56,0.35,0.21,1291.0
2020-21,Florida Intl,0.32,0.37,0.05,404.0,0.21,0.35,0.15,1034.0
2021-22,Florida Intl,0.33,0.42,0.09,709.0,0.28,0.42,0.14,982.0
2006-07,Florida St.,0.71,0.65,0.06,481.0,0.65,0.65,0.0,1.0
2007-08,Florida St.,0.7,0.57,0.13,957.0,0.63,0.56,0.07,501.0
2008-09,Florida St.,0.71,0.73,0.02,140.0,0.71,0.73,0.03,177.0
2009-10,Florida St.,0.68,0.79,0.11,836.0,0.64,0.82,0.17,1131.0
2010-11,Florida St.,0.7,0.62,0.08,629.0,0.7,0.65,0.05,349.0
2011-12,Florida St.,0.73,0.69,0.04,316.0,0.72,0.67,0.05,349.0
2012-13,Florida St.,0.69,0.74,0.05,404.0,0.71,0.76,0.05,349.0
2013-14,Florida St.,0.72,0.78,0.06,481.0,0.78,0.76,0.02,93.0
2014-15,Florida St.,0.66,0.83,0.17,1178.0,0.71,0.85,0.14,982.0
2015-16,Florida St.,0.65,0.8,0.16,1119.0,0.67,0.79,0.12,872.0
2016-17,Florida St.,0.7,0.84,0.14,1025.0,0.73,0.83,0.1,746.0
2017-18,Florida St.,0.66,0.78,0.11,836.0,0.63,0.75,0.12,872.0
2018-19,Florida St.,0.67,0.79,0.12,907.0,0.62,0.76,0.14,982.0
2019-20,Florida St.,0.72,0.71,0.01,44.0,0.67,0.71,0.05,349.0
2020-21,Florida St.,0.58,0.72,0.14,1025.0,0.54,0.68,0.14,982.0
2021-22,Florida St.,0.56,0.73,0.16,1119.0,0.53,0.71,0.18,1174.0
2006-07,Fresno St.,0.58,0.56,0.01,44.0,0.53,0.5,0.03,177.0
2007-08,Fresno St.,0.56,0.62,0.06,481.0,0.57,0.54,0.02,93.0
2008-09,Fresno St.,0.48,0.58,0.11,836.0,0.48,0.55,0.07,501.0
2009-10,Fresno St.,0.56,0.65,0.09,709.0,0.56,0.65,0.09,663.0
2010-11,Fresno St.,0.62,0.63,0.01,44.0,0.59,0.62,0.03,177.0
2011-12,Fresno St.,0.46,0.64,0.18,1223.0,0.41,0.64,0.23,1339.0
2012-13,Fresno St.,0.43,0.61,0.18,1223.0,0.49,0.62,0.13,931.0
2013-14,Fresno St.,0.55,0.6,0.05,404.0,0.63,0.6,0.02,93.0
2014-15,Fresno St.,0.5,0.59,0.09,709.0,0.47,0.55,0.08,587.0
2015-16,Fresno St.,0.61,0.65,0.04,316.0,0.53,0.62,0.1,746.0
2016-17,Fresno St.,0.53,0.57,0.03,222.0,0.42,0.56,0.13,931.0
2017-18,Fresno St.,0.61,0.52,0.09,709.0,0.64,0.5,0.14,982.0
2018-19,Fresno St.,0.74,0.66,0.08,629.0,0.76,0.66,0.1,746.0
2019-20,Fresno St.,0.4,0.68,0.28,1433.0,0.41,0.69,0.28,1427.0
2020-21,Fresno St.,0.45,0.69,0.24,1373.0,0.47,0.65,0.19,1217.0
2021-22,Fresno St.,0.59,0.35,0.24,1373.0,0.63,0.36,0.27,1411.0
2006-07,Georgia,0.5,0.57,0.07,561.0,0.56,0.54,0.02,93.0
2007-08,Georgia,0.62,0.65,0.02,140.0,0.66,0.64,0.02,93.0
2008-09,Georgia,0.56,0.67,0.11,836.0,0.59,0.64,0.05,349.0
2009-10,Georgia,0.39,0.72,0.33,1468.0,0.46,0.69,0.24,1368.0
2010-11,Georgia,0.54,0.68,0.14,1025.0,0.54,0.64,0.11,815.0
2011-12,Georgia,0.54,0.63,0.09,709.0,0.58,0.6,0.03,177.0
2012-13,Georgia,0.48,0.65,0.17,1178.0,0.57,0.64,0.07,501.0
2013-14,Georgia,0.53,0.72,0.19,1253.0,0.56,0.7,0.14,982.0
2014-15,Georgia,0.57,0.63,0.06,481.0,0.63,0.6,0.03,177.0
2015-16,Georgia,0.55,0.57,0.02,140.0,0.61,0.52,0.09,663.0
2016-17,Georgia,0.5,0.53,0.03,222.0,0.54,0.51,0.02,93.0
2017-18,Georgia,0.65,0.75,0.11,836.0,0.69,0.75,0.06,440.0
2018-19,Georgia,0.62,0.63,0.01,44.0,0.62,0.6,0.02,93.0
2019-20,Georgia,0.65,0.67,0.02,140.0,0.71,0.68,0.03,177.0
2020-21,Georgia,0.57,0.58,0.01,44.0,0.62,0.56,0.06,440.0
2021-22,Georgia,0.55,0.65,0.1,778.0,0.61,0.63,0.01,30.0
2014-15,Georgia Southern,0.61,0.22,0.39,1484.0,0.66,0.21,0.45,1485.0
2015-16,Georgia Southern,0.57,0.41,0.16,1119.0,0.58,0.37,0.21,1291.0
2016-17,Georgia Southern,0.59,0.45,0.14,1025.0,0.54,0.45,0.09,663.0
2017-18,Georgia Southern,0.52,0.37,0.16,1119.0,0.45,0.32,0.12,872.0
2018-19,Georgia Southern,0.63,0.35,0.28,1433.0,0.67,0.33,0.34,1464.0
2019-20,Georgia Southern,0.6,0.38,0.22,1346.0,0.6,0.39,0.22,1312.0
2020-21,Georgia Southern,0.55,0.37,0.19,1253.0,0.54,0.35,0.19,1217.0
2021-22,Georgia Southern,0.51,0.49,0.02,140.0,0.44,0.5,0.06,440.0
2013-14,Georgia St.,0.49,0.43,0.06,481.0,0.39,0.4,0.01,30.0
2014-15,Georgia St.,0.54,0.51,0.03,222.0,0.44,0.47,0.03,177.0
2015-16,Georgia St.,0.47,0.43,0.04,316.0,0.48,0.39,0.09,663.0
2016-17,Georgia St.,0.45,0.49,0.04,316.0,0.42,0.45,0.03,177.0
2017-18,Georgia St.,0.56,0.43,0.13,957.0,0.58,0.39,0.19,1217.0
2018-19,Georgia St.,0.4,0.29,0.11,836.0,0.38,0.33,0.05,349.0
2019-20,Georgia St.,0.56,0.32,0.24,1373.0,0.56,0.32,0.23,1339.0
2020-21,Georgia St.,0.45,0.42,0.03,222.0,0.54,0.44,0.1,746.0
2021-22,Georgia St.,0.61,0.36,0.25,1395.0,0.61,0.35,0.26,1400.0
2006-07,Georgia Tech,0.59,0.7,0.11,836.0,0.61,0.68,0.07,501.0
2007-08,Georgia Tech,0.59,0.6,0.01,44.0,0.56,0.63,0.07,501.0
2008-09,Georgia Tech,0.58,0.72,0.13,957.0,0.58,0.7,0.12,872.0
2009-10,Georgia Tech,0.72,0.75,0.03,222.0,0.73,0.73,0.0,1.0
2010-11,Georgia Tech,0.57,0.7,0.13,957.0,0.52,0.68,0.16,1086.0
2011-12,Georgia Tech,0.53,0.62,0.09,709.0,0.52,0.61,0.09,663.0
2012-13,Georgia Tech,0.55,0.5,0.05,404.0,0.53,0.51,0.02,93.0
2013-14,Georgia Tech,0.55,0.5,0.05,404.0,0.53,0.5,0.03,177.0
2014-15,Georgia Tech,0.55,0.42,0.13,957.0,0.58,0.43,0.15,1034.0
2015-16,Georgia Tech,0.56,0.5,0.06,481.0,0.48,0.53,0.05,349.0
2016-17,Georgia Tech,0.54,0.52,0.03,222.0,0.58,0.55,0.03,177.0
2017-18,Georgia Tech,0.49,0.51,0.02,140.0,0.47,0.51,0.04,268.0
2018-19,Georgia Tech,0.6,0.55,0.05,404.0,0.56,0.56,0.0,1.0
2019-20,Georgia Tech,0.52,0.66,0.14,1025.0,0.49,0.64,0.15,1034.0
2020-21,Georgia Tech,0.55,0.56,0.01,44.0,0.5,0.61,0.11,815.0
2021-22,Georgia Tech,0.46,0.73,0.27,1420.0,0.41,0.73,0.32,1458.0
2006-07,Hawaii,0.61,0.74,0.13,957.0,0.65,0.71,0.07,501.0
2007-08,Hawaii,0.5,0.64,0.13,957.0,0.59,0.62,0.03,177.0
2008-09,Hawaii,0.51,0.57,0.07,561.0,0.5,0.57,0.07,501.0
2009-10,Hawaii,0.48,0.7,0.22,1346.0,0.45,0.67,0.22,1312.0
2010-11,Hawaii,0.6,0.66,0.06,481.0,0.63,0.65,0.02,93.0
2011-12,Hawaii,0.52,0.74,0.22,1346.0,0.5,0.71,0.21,1291.0
2012-13,Hawaii,0.38,0.75,0.37,1479.0,0.36,0.74,0.38,1476.0
2013-14,Hawaii,0.45,0.58,0.13,957.0,0.38,0.61,0.23,1339.0
2014-15,Hawaii,0.47,0.67,0.2,1298.0,0.44,0.69,0.25,1390.0
2015-16,Hawaii,0.54,0.64,0.1,778.0,0.5,0.69,0.19,1217.0
2016-17,Hawaii,0.52,0.58,0.06,481.0,0.51,0.58,0.08,587.0
2017-18,Hawaii,0.51,0.51,0.0,1.0,0.45,0.52,0.08,587.0
2018-19,Hawaii,0.48,0.62,0.13,957.0,0.52,0.61,0.09,663.0
2019-20,Hawaii,0.59,0.61,0.02,140.0,0.61,0.6,0.01,30.0
2021-22,Hawaii,0.52,0.63,0.11,836.0,0.51,0.63,0.11,815.0
2006-07,Houston,0.54,0.57,0.03,222.0,0.59,0.52,0.07,501.0
2007-08,Houston,0.65,0.66,0.01,44.0,0.65,0.59,0.06,440.0
2008-09,Houston,0.54,0.58,0.04,316.0,0.57,0.6,0.02,93.0
2009-10,Houston,0.51,0.47,0.03,222.0,0.57,0.46,0.11,815.0
2010-11,Houston,0.44,0.71,0.27,1420.0,0.42,0.71,0.28,1427.0
2011-12,Houston,0.47,0.48,0.01,44.0,0.59,0.44,0.15,1034.0
2012-13,Houston,0.59,0.53,0.06,481.0,0.55,0.48,0.07,501.0
2013-14,Houston,0.65,0.48,0.18,1223.0,0.62,0.44,0.18,1174.0
2014-15,Houston,0.6,0.41,0.19,1253.0,0.57,0.38,0.19,1217.0
2015-16,Houston,0.68,0.44,0.24,1373.0,0.74,0.43,0.32,1458.0
2016-17,Houston,0.67,0.4,0.26,1406.0,0.67,0.36,0.31,1451.0
2017-18,Houston,0.65,0.58,0.07,561.0,0.65,0.57,0.09,663.0
2018-19,Houston,0.69,0.59,0.1,778.0,0.69,0.57,0.12,872.0
2019-20,Houston,0.57,0.52,0.05,404.0,0.49,0.54,0.05,349.0
2020-21,Houston,0.53,0.5,0.03,222.0,0.53,0.57,0.03,177.0
2021-22,Houston,0.76,0.62,0.14,1025.0,0.78,0.62,0.16,1086.0
2006-07,Illinois,0.53,0.55,0.02,140.0,0.45,0.55,0.1,746.0
2007-08,Illinois,0.54,0.52,0.02,140.0,0.57,0.53,0.04,268.0
2008-09,Illinois,0.63,0.59,0.04,316.0,0.58,0.57,0.01,30.0
2009-10,Illinois,0.5,0.76,0.26,1406.0,0.44,0.74,0.3,1449.0
2010-11,Illinois,0.55,0.53,0.02,140.0,0.55,0.52,0.03,177.0
2011-12,Illinois,0.53,0.58,0.05,404.0,0.53,0.58,0.05,349.0
2012-13,Illinois,0.58,0.49,0.09,709.0,0.48,0.5,0.02,93.0
2013-14,Illinois,0.56,0.45,0.11,836.0,0.5,0.44,0.06,440.0
2014-15,Illinois,0.71,0.57,0.15,1075.0,0.63,0.58,0.05,349.0
2015-16,Illinois,0.49,0.54,0.04,316.0,0.47,0.51,0.04,268.0
2016-17,Illinois,0.47,0.54,0.07,561.0,0.42,0.5,0.08,587.0
2017-18,Illinois,0.51,0.57,0.07,561.0,0.41,0.55,0.14,982.0
2018-19,Illinois,0.51,0.58,0.07,561.0,0.44,0.6,0.15,1034.0
2019-20,Illinois,0.61,0.46,0.15,1075.0,0.58,0.46,0.12,872.0
2020-21,Illinois,0.58,0.42,0.15,1075.0,0.51,0.38,0.12,872.0
2021-22,Illinois,0.59,0.54,0.06,481.0,0.55,0.51,0.04,268.0
2006-07,Indiana,0.46,0.42,0.04,316.0,0.47,0.42,0.05,349.0
2007-08,Indiana,0.59,0.42,0.17,1178.0,0.6,0.44,0.16,1086.0
2008-09,Indiana,0.4,0.42,0.02,140.0,0.33,0.46,0.14,982.0
2009-10,Indiana,0.43,0.38,0.04,316.0,0.39,0.41,0.02,93.0
2010-11,Indiana,0.47,0.58,0.11,836.0,0.45,0.55,0.1,746.0
2011-12,Indiana,0.56,0.38,0.17,1178.0,0.46,0.34,0.11,815.0
2012-13,Indiana,0.73,0.36,0.36,1478.0,0.63,0.36,0.27,1411.0
2013-14,Indiana,0.64,0.38,0.26,1406.0,0.56,0.4,0.17,1131.0
2014-15,Indiana,0.57,0.39,0.17,1178.0,0.51,0.42,0.09,663.0
2015-16,Indiana,0.62,0.56,0.07,561.0,0.6,0.56,0.04,268.0
2016-17,Indiana,0.55,0.51,0.04,316.0,0.53,0.54,0.01,30.0
2017-18,Indiana,0.6,0.46,0.14,1025.0,0.54,0.46,0.07,501.0
2018-19,Indiana,0.57,0.61,0.04,316.0,0.53,0.6,0.08,587.0
2019-20,Indiana,0.62,0.57,0.05,404.0,0.61,0.56,0.06,440.0
2020-21,Indiana,0.56,0.55,0.01,44.0,0.6,0.5,0.09,663.0
2021-22,Indiana,0.45,0.58,0.13,957.0,0.39,0.57,0.19,1217.0
2006-07,Iowa,0.55,0.53,0.02,140.0,0.53,0.5,0.02,93.0
2007-08,Iowa,0.41,0.58,0.16,1119.0,0.44,0.54,0.11,815.0
2008-09,Iowa,0.42,0.63,0.21,1320.0,0.49,0.61,0.11,815.0
2009-10,Iowa,0.5,0.51,0.01,44.0,0.56,0.51,0.05,349.0
2010-11,Iowa,0.41,0.5,0.1,778.0,0.45,0.49,0.04,268.0
2011-12,Iowa,0.49,0.49,0.0,1.0,0.5,0.49,0.02,93.0
2012-13,Iowa,0.52,0.5,0.01,44.0,0.48,0.49,0.01,30.0
2013-14,Iowa,0.59,0.47,0.11,836.0,0.6,0.49,0.11,815.0
2014-15,Iowa,0.67,0.48,0.19,1253.0,0.63,0.51,0.12,872.0
2015-16,Iowa,0.62,0.38,0.25,1395.0,0.69,0.4,0.28,1427.0
2016-17,Iowa,0.61,0.49,0.12,907.0,0.6,0.51,0.09,663.0
2017-18,Iowa,0.56,0.54,0.02,140.0,0.55,0.57,0.02,93.0
2018-19,Iowa,0.61,0.54,0.08,629.0,0.64,0.57,0.07,501.0
2019-20,Iowa,0.67,0.6,0.07,561.0,0.69,0.62,0.07,501.0
2020-21,Iowa,0.65,0.53,0.12,907.0,0.68,0.49,0.2,1261.0
2021-22,Iowa,0.68,0.48,0.21,1320.0,0.69,0.47,0.22,1312.0
2006-07,Kansas,0.62,0.46,0.16,1119.0,0.62,0.43,0.19,1217.0
2007-08,Kansas,0.72,0.56,0.16,1119.0,0.79,0.54,0.26,1400.0
2008-09,Kansas,0.67,0.48,0.19,1253.0,0.67,0.49,0.18,1174.0
2009-10,Kansas,0.65,0.45,0.2,1298.0,0.62,0.47,0.15,1034.0
2010-11,Kansas,0.6,0.58,0.02,140.0,0.55,0.58,0.04,268.0
2011-12,Kansas,0.53,0.59,0.06,481.0,0.47,0.58,0.11,815.0
2012-13,Kansas,0.61,0.68,0.07,561.0,0.5,0.69,0.19,1217.0
2013-14,Kansas,0.58,0.59,0.01,44.0,0.51,0.59,0.07,501.0
2014-15,Kansas,0.51,0.65,0.14,1025.0,0.47,0.64,0.16,1086.0
2015-16,Kansas,0.5,0.58,0.08,629.0,0.41,0.57,0.16,1086.0
2016-17,Kansas,0.59,0.53,0.07,561.0,0.52,0.54,0.03,177.0
2017-18,Kansas,0.55,0.54,0.0,1.0,0.45,0.55,0.1,746.0
2018-19,Kansas,0.58,0.41,0.17,1178.0,0.51,0.46,0.05,349.0
2019-20,Kansas,0.63,0.46,0.16,1119.0,0.52,0.46,0.06,440.0
2020-21,Kansas,0.53,0.43,0.09,709.0,0.41,0.43,0.02,93.0
2021-22,Kansas,0.58,0.54,0.05,404.0,0.48,0.55,0.07,501.0
2006-07,Kent State,0.58,0.55,0.03,222.0,0.57,0.53,0.04,268.0
2007-08,Kent State,0.64,0.64,0.0,1.0,0.56,0.59,0.03,177.0
2008-09,Kent State,0.62,0.51,0.11,836.0,0.54,0.52,0.01,30.0
2009-10,Kent State,0.62,0.57,0.05,404.0,0.58,0.57,0.01,30.0
2010-11,Kent State,0.68,0.47,0.21,1320.0,0.61,0.49,0.12,872.0
2011-12,Kent State,0.65,0.39,0.26,1406.0,0.58,0.36,0.22,1312.0
2012-13,Kent State,0.63,0.34,0.29,1441.0,0.67,0.29,0.37,1474.0
2013-14,Kent State,0.54,0.42,0.12,907.0,0.48,0.4,0.08,587.0
2014-15,Kent State,0.57,0.55,0.02,140.0,0.47,0.49,0.02,93.0
2015-16,Kent State,0.65,0.53,0.11,836.0,0.53,0.5,0.03,177.0
2016-17,Kent State,0.6,0.55,0.05,404.0,0.51,0.55,0.04,268.0
2017-18,Kent State,0.57,0.42,0.14,1025.0,0.45,0.38,0.07,501.0
2018-19,Kent State,0.55,0.52,0.02,140.0,0.46,0.52,0.06,440.0
2019-20,Kent State,0.56,0.53,0.03,222.0,0.55,0.52,0.02,93.0
2020-21,Kent State,0.57,0.53,0.05,404.0,0.64,0.54,0.1,746.0
2021-22,Kent State,0.54,0.46,0.08,629.0,0.53,0.46,0.07,501.0
2006-07,Kentucky,0.64,0.51,0.13,957.0,0.63,0.53,0.1,746.0
2007-08,Kentucky,0.65,0.47,0.18,1223.0,0.63,0.51,0.13,931.0
2008-09,Kentucky,0.55,0.63,0.07,561.0,0.56,0.64,0.08,587.0
2009-10,Kentucky,0.68,0.69,0.01,44.0,0.67,0.72,0.05,349.0
2010-11,Kentucky,0.57,0.68,0.11,836.0,0.56,0.67,0.11,815.0
2011-12,Kentucky,0.77,0.67,0.1,778.0,0.69,0.71,0.01,30.0
2012-13,Kentucky,0.53,0.71,0.18,1223.0,0.45,0.72,0.27,1411.0
2013-14,Kentucky,0.6,0.73,0.13,957.0,0.5,0.73,0.23,1339.0
2014-15,Kentucky,0.69,0.66,0.02,140.0,0.65,0.69,0.05,349.0
2015-16,Kentucky,0.61,0.74,0.13,957.0,0.58,0.74,0.16,1086.0
2016-17,Kentucky,0.7,0.69,0.01,44.0,0.68,0.7,0.02,93.0
2017-18,Kentucky,0.63,0.65,0.02,140.0,0.62,0.66,0.04,268.0
2018-19,Kentucky,0.63,0.7,0.07,561.0,0.68,0.74,0.05,349.0
2019-20,Kentucky,0.72,0.77,0.05,404.0,0.69,0.78,0.09,663.0
2020-21,Kentucky,0.49,0.78,0.29,1441.0,0.46,0.79,0.33,1461.0
2021-22,Kentucky,0.69,0.73,0.04,316.0,0.71,0.73,0.02,93.0
2006-07,LSU,0.57,0.81,0.24,1373.0,0.63,0.81,0.17,1131.0
2007-08,LSU,0.65,0.76,0.1,778.0,0.67,0.77,0.1,746.0
2008-09,LSU,0.75,0.65,0.11,836.0,0.72,0.64,0.07,501.0
2009-10,LSU,0.57,0.73,0.16,1119.0,0.57,0.73,0.17,1131.0
2010-11,LSU,0.57,0.7,0.13,957.0,0.61,0.71,0.09,663.0
2011-12,LSU,0.7,0.64,0.06,481.0,0.73,0.64,0.09,663.0
2012-13,LSU,0.77,0.63,0.14,1025.0,0.74,0.59,0.15,1034.0
2013-14,LSU,0.7,0.61,0.09,709.0,0.7,0.61,0.09,663.0
2014-15,LSU,0.75,0.71,0.04,316.0,0.7,0.68,0.03,177.0
2015-16,LSU,0.66,0.55,0.11,836.0,0.67,0.46,0.21,1291.0
2016-17,LSU,0.61,0.59,0.02,140.0,0.57,0.55,0.02,93.0
2017-18,LSU,0.59,0.7,0.11,836.0,0.61,0.69,0.08,587.0
2018-19,LSU,0.68,0.6,0.08,629.0,0.73,0.56,0.16,1086.0
2019-20,LSU,0.76,0.68,0.08,629.0,0.79,0.69,0.1,746.0
2020-21,LSU,0.61,0.53,0.08,629.0,0.59,0.48,0.1,746.0
2021-22,LSU,0.62,0.64,0.02,140.0,0.59,0.64,0.05,349.0
2018-19,Liberty,0.7,0.56,0.13,957.0,0.66,0.54,0.12,872.0
2019-20,Liberty,0.74,0.58,0.16,1119.0,0.69,0.57,0.13,931.0
2020-21,Liberty,0.75,0.68,0.07,561.0,0.8,0.6,0.2,1261.0
2021-22,Liberty,0.64,0.67,0.03,222.0,0.63,0.65,0.02,93.0
2006-07,Louisiana,0.58,0.62,0.05,404.0,0.51,0.58,0.07,501.0
2007-08,Louisiana,0.48,0.49,0.02,140.0,0.42,0.39,0.03,177.0
2008-09,Louisiana,0.43,0.48,0.05,404.0,0.44,0.39,0.05,349.0
2009-10,Louisiana,0.56,0.5,0.06,481.0,0.52,0.43,0.1,746.0
2010-11,Louisiana,0.48,0.63,0.15,1075.0,0.42,0.57,0.15,1034.0
2011-12,Louisiana,0.49,0.61,0.12,907.0,0.54,0.52,0.02,93.0
2012-13,Louisiana,0.6,0.58,0.01,44.0,0.59,0.53,0.06,440.0
2013-14,Louisiana,0.78,0.67,0.1,778.0,0.73,0.62,0.11,815.0
2014-15,Louisiana,0.64,0.7,0.05,404.0,0.65,0.68,0.03,177.0
2015-16,Louisiana,0.6,0.63,0.03,222.0,0.52,0.57,0.05,349.0
2016-17,Louisiana,0.61,0.66,0.05,404.0,0.57,0.61,0.03,177.0
2017-18,Louisiana,0.63,0.65,0.02,140.0,0.6,0.63,0.03,177.0
2018-19,Louisiana,0.51,0.63,0.11,836.0,0.52,0.54,0.02,93.0
2019-20,Louisiana,0.51,0.57,0.07,561.0,0.55,0.59,0.03,177.0
2020-21,Louisiana,0.63,0.75,0.11,836.0,0.71,0.72,0.02,93.0
2021-22,Louisiana,0.6,0.68,0.08,629.0,0.66,0.67,0.01,30.0
2006-07,Louisiana Tech,0.47,0.36,0.11,836.0,0.39,0.37,0.02,93.0
2007-08,Louisiana Tech,0.35,0.46,0.11,836.0,0.35,0.43,0.08,587.0
2008-09,Louisiana Tech,0.54,0.5,0.04,316.0,0.55,0.45,0.09,663.0
2009-10,Louisiana Tech,0.53,0.57,0.04,316.0,0.5,0.58,0.08,587.0
2010-11,Louisiana Tech,0.49,0.45,0.04,316.0,0.45,0.48,0.03,177.0
2011-12,Louisiana Tech,0.52,0.43,0.09,709.0,0.55,0.42,0.12,872.0
2012-13,Louisiana Tech,0.54,0.39,0.15,1075.0,0.63,0.35,0.27,1411.0
2013-14,Louisiana Tech,0.48,0.34,0.15,1075.0,0.47,0.33,0.15,1034.0
2014-15,Louisiana Tech,0.6,0.5,0.09,709.0,0.62,0.48,0.15,1034.0
2015-16,Louisiana Tech,0.69,0.49,0.19,1253.0,0.69,0.46,0.22,1312.0
2016-17,Louisiana Tech,0.66,0.56,0.1,778.0,0.66,0.54,0.12,872.0
2017-18,Louisiana Tech,0.6,0.52,0.08,629.0,0.57,0.49,0.08,587.0
2018-19,Louisiana Tech,0.6,0.54,0.05,404.0,0.6,0.47,0.13,931.0
2019-20,Louisiana Tech,0.71,0.43,0.28,1433.0,0.71,0.42,0.29,1437.0
2020-21,Louisiana Tech,0.68,0.39,0.29,1441.0,0.64,0.35,0.29,1437.0
2021-22,Louisiana Tech,0.62,0.54,0.08,629.0,0.54,0.52,0.02,93.0
2006-07,Louisville,0.7,0.69,0.01,44.0,0.76,0.72,0.05,349.0
2007-08,Louisville,0.67,0.66,0.01,44.0,0.64,0.68,0.04,268.0
2008-09,Louisville,0.73,0.79,0.06,481.0,0.66,0.77,0.11,815.0
2009-10,Louisville,0.68,0.61,0.07,561.0,0.57,0.59,0.02,93.0
2010-11,Louisville,0.59,0.67,0.08,629.0,0.59,0.68,0.08,587.0
2011-12,Louisville,0.67,0.81,0.14,1025.0,0.65,0.78,0.13,931.0
2012-13,Louisville,0.82,0.8,0.02,140.0,0.84,0.81,0.03,177.0
2013-14,Louisville,0.79,0.72,0.07,561.0,0.84,0.75,0.09,663.0
2014-15,Louisville,0.73,0.64,0.09,709.0,0.72,0.64,0.09,663.0
2015-16,Louisville,0.75,0.73,0.02,140.0,0.71,0.75,0.03,177.0
2016-17,Louisville,0.78,0.61,0.16,1119.0,0.75,0.6,0.14,982.0
2017-18,Louisville,0.66,0.75,0.09,709.0,0.64,0.78,0.14,982.0
2018-19,Louisville,0.63,0.72,0.08,629.0,0.5,0.75,0.25,1390.0
2019-20,Louisville,0.74,0.69,0.05,404.0,0.72,0.67,0.05,349.0
2020-21,Louisville,0.56,0.64,0.08,629.0,0.52,0.71,0.18,1174.0
2021-22,Louisville,0.54,0.78,0.25,1395.0,0.52,0.8,0.28,1427.0
2006-07,Marshall,0.4,0.56,0.16,1119.0,0.41,0.56,0.15,1034.0
2007-08,Marshall,0.48,0.55,0.07,561.0,0.43,0.57,0.14,982.0
2008-09,Marshall,0.42,0.55,0.13,957.0,0.4,0.53,0.13,931.0
2009-10,Marshall,0.55,0.52,0.03,222.0,0.57,0.54,0.03,177.0
2010-11,Marshall,0.48,0.35,0.13,957.0,0.49,0.35,0.14,982.0
2011-12,Marshall,0.44,0.53,0.08,629.0,0.48,0.5,0.01,30.0
2012-13,Marshall,0.39,0.53,0.14,1025.0,0.4,0.5,0.1,746.0
2013-14,Marshall,0.42,0.45,0.03,222.0,0.48,0.44,0.04,268.0
2014-15,Marshall,0.45,0.6,0.15,1075.0,0.55,0.58,0.02,93.0
2015-16,Marshall,0.6,0.57,0.04,316.0,0.63,0.58,0.06,440.0
2016-17,Marshall,0.48,0.68,0.2,1298.0,0.43,0.65,0.22,1312.0
2017-18,Marshall,0.53,0.4,0.13,957.0,0.56,0.38,0.18,1174.0
2018-19,Marshall,0.57,0.55,0.02,140.0,0.61,0.51,0.1,746.0
2019-20,Marshall,0.49,0.58,0.09,709.0,0.49,0.59,0.1,746.0
2020-21,Marshall,0.42,0.57,0.15,1075.0,0.53,0.56,0.03,177.0
2021-22,Marshall,0.41,0.55,0.14,1025.0,0.44,0.52,0.09,663.0
2006-07,Maryland,0.58,0.6,0.01,44.0,0.63,0.6,0.03,177.0
2007-08,Maryland,0.53,0.69,0.15,1075.0,0.52,0.69,0.18,1174.0
2008-09,Maryland,0.55,0.54,0.01,44.0,0.57,0.53,0.05,349.0
2009-10,Maryland,0.43,0.55,0.13,957.0,0.4,0.54,0.14,982.0
2010-11,Maryland,0.48,0.67,0.19,1253.0,0.55,0.67,0.13,931.0
2011-12,Maryland,0.51,0.6,0.09,709.0,0.42,0.59,0.17,1131.0
2012-13,Maryland,0.56,0.6,0.04,316.0,0.51,0.61,0.1,746.0
2013-14,Maryland,0.59,0.44,0.15,1075.0,0.57,0.48,0.09,663.0
2014-15,Maryland,0.69,0.58,0.1,778.0,0.66,0.58,0.08,587.0
2015-16,Maryland,0.57,0.48,0.09,709.0,0.51,0.53,0.02,93.0
2016-17,Maryland,0.64,0.46,0.17,1178.0,0.6,0.51,0.09,663.0
2017-18,Maryland,0.48,0.51,0.03,222.0,0.46,0.56,0.1,746.0
2018-19,Maryland,0.55,0.59,0.04,316.0,0.53,0.62,0.09,663.0
2019-20,Maryland,0.64,0.61,0.03,222.0,0.56,0.6,0.04,268.0
2020-21,Maryland,0.58,0.54,0.04,316.0,0.52,0.53,0.01,30.0
2021-22,Maryland,0.62,0.62,0.0,1.0,0.6,0.63,0.02,93.0
2006-07,Memphis,0.63,0.53,0.11,836.0,0.54,0.5,0.05,349.0
2007-08,Memphis,0.57,0.48,0.09,709.0,0.6,0.48,0.12,872.0
2008-09,Memphis,0.58,0.45,0.13,957.0,0.58,0.46,0.13,931.0
2009-10,Memphis,0.52,0.45,0.07,561.0,0.45,0.43,0.02,93.0
2010-11,Memphis,0.54,0.63,0.09,709.0,0.44,0.61,0.17,1131.0
2011-12,Memphis,0.56,0.53,0.03,222.0,0.48,0.57,0.09,663.0
2012-13,Memphis,0.65,0.43,0.22,1346.0,0.6,0.44,0.16,1086.0
2013-14,Memphis,0.54,0.43,0.11,836.0,0.49,0.43,0.06,440.0
2014-15,Memphis,0.63,0.47,0.16,1119.0,0.66,0.5,0.16,1086.0
2015-16,Memphis,0.46,0.52,0.06,481.0,0.54,0.54,0.01,30.0
2016-17,Memphis,0.55,0.49,0.06,481.0,0.57,0.48,0.09,663.0
2017-18,Memphis,0.5,0.48,0.02,140.0,0.58,0.43,0.15,1034.0
2018-19,Memphis,0.54,0.39,0.15,1075.0,0.56,0.39,0.17,1131.0
2019-20,Memphis,0.69,0.55,0.14,1025.0,0.71,0.56,0.15,1034.0
2020-21,Memphis,0.48,0.22,0.26,1406.0,0.59,0.27,0.32,1458.0
2021-22,Memphis,0.57,0.43,0.13,957.0,0.55,0.45,0.1,746.0
2006-07,Miami (OH),0.51,0.41,0.1,778.0,0.43,0.41,0.02,93.0
2007-08,Miami (OH),0.41,0.57,0.16,1119.0,0.44,0.59,0.16,1086.0
2008-09,Miami (OH),0.51,0.58,0.07,561.0,0.43,0.58,0.15,1034.0
2009-10,Miami (OH),0.43,0.5,0.07,561.0,0.34,0.47,0.13,931.0
2010-11,Miami (OH),0.57,0.47,0.1,778.0,0.59,0.44,0.15,1034.0
2011-12,Miami (OH),0.43,0.63,0.2,1298.0,0.38,0.62,0.24,1368.0
2012-13,Miami (OH),0.39,0.42,0.03,222.0,0.36,0.43,0.07,501.0
2013-14,Miami (OH),0.43,0.39,0.04,316.0,0.32,0.38,0.06,440.0
2014-15,Miami (OH),0.29,0.51,0.22,1346.0,0.27,0.49,0.22,1312.0
2015-16,Miami (OH),0.43,0.55,0.12,907.0,0.38,0.53,0.15,1034.0
2016-17,Miami (OH),0.39,0.55,0.17,1178.0,0.4,0.56,0.16,1086.0
2017-18,Miami (OH),0.55,0.61,0.05,404.0,0.51,0.63,0.12,872.0
2018-19,Miami (OH),0.58,0.72,0.14,1025.0,0.54,0.73,0.18,1174.0
2019-20,Miami (OH),0.46,0.5,0.04,316.0,0.49,0.52,0.03,177.0
2020-21,Miami (OH),0.47,0.63,0.16,1119.0,0.54,0.54,0.0,1.0
2021-22,Miami (OH),0.42,0.41,0.01,44.0,0.44,0.39,0.05,349.0
2006-07,Michigan,0.69,0.63,0.06,481.0,0.72,0.58,0.14,982.0
2007-08,Michigan,0.62,0.74,0.12,907.0,0.59,0.71,0.12,872.0
2008-09,Michigan,0.53,0.67,0.14,1025.0,0.47,0.62,0.16,1086.0
2009-10,Michigan,0.54,0.75,0.21,1320.0,0.5,0.73,0.23,1339.0
2010-11,Michigan,0.44,0.76,0.32,1461.0,0.48,0.72,0.24,1368.0
2011-12,Michigan,0.55,0.67,0.11,836.0,0.65,0.66,0.01,30.0
2012-13,Michigan,0.63,0.74,0.11,836.0,0.64,0.72,0.08,587.0
2013-14,Michigan,0.6,0.66,0.07,561.0,0.6,0.63,0.03,177.0
2014-15,Michigan,0.56,0.7,0.14,1025.0,0.51,0.63,0.12,872.0
2015-16,Michigan,0.65,0.73,0.08,629.0,0.68,0.68,0.0,1.0
2016-17,Michigan,0.71,0.73,0.02,140.0,0.72,0.72,0.0,1.0
2017-18,Michigan,0.69,0.72,0.03,222.0,0.68,0.71,0.03,177.0
2018-19,Michigan,0.74,0.73,0.01,44.0,0.76,0.71,0.05,349.0
2019-20,Michigan,0.61,0.66,0.05,404.0,0.61,0.65,0.04,268.0
2020-21,Michigan,0.65,0.73,0.08,629.0,0.58,0.63,0.05,349.0
2021-22,Michigan,0.61,0.68,0.07,561.0,0.66,0.68,0.02,93.0
2006-07,Michigan St.,0.53,0.62,0.09,709.0,0.49,0.63,0.14,982.0
2007-08,Michigan St.,0.57,0.55,0.01,44.0,0.58,0.57,0.01,30.0
2008-09,Michigan St.,0.6,0.51,0.09,709.0,0.64,0.53,0.12,872.0
2009-10,Michigan St.,0.66,0.52,0.14,1025.0,0.62,0.54,0.08,587.0
2010-11,Michigan St.,0.63,0.58,0.05,404.0,0.68,0.6,0.08,587.0
2011-12,Michigan St.,0.69,0.45,0.25,1395.0,0.73,0.49,0.24,1368.0
2012-13,Michigan St.,0.68,0.63,0.05,404.0,0.65,0.65,0.0,1.0
2013-14,Michigan St.,0.67,0.5,0.17,1178.0,0.75,0.54,0.21,1291.0
2014-15,Michigan St.,0.66,0.45,0.21,1320.0,0.71,0.48,0.23,1339.0
2015-16,Michigan St.,0.73,0.58,0.15,1075.0,0.78,0.61,0.17,1131.0
2016-17,Michigan St.,0.53,0.65,0.12,907.0,0.46,0.66,0.2,1261.0
2017-18,Michigan St.,0.6,0.58,0.02,140.0,0.67,0.6,0.07,501.0
2018-19,Michigan St.,0.56,0.47,0.08,629.0,0.58,0.51,0.07,501.0
2019-20,Michigan St.,0.64,0.45,0.19,1253.0,0.62,0.44,0.18,1174.0
2020-21,Michigan St.,0.43,0.41,0.03,222.0,0.4,0.39,0.01,30.0
2021-22,Michigan St.,0.59,0.46,0.13,957.0,0.63,0.45,0.18,1174.0
2006-07,Middle Tennessee,0.51,0.67,0.16,1119.0,0.51,0.72,0.2,1261.0
2007-08,Middle Tennessee,0.49,0.63,0.14,1025.0,0.48,0.66,0.18,1174.0
2008-09,Middle Tennessee,0.63,0.59,0.04,316.0,0.56,0.63,0.07,501.0
2009-10,Middle Tennessee,0.62,0.6,0.02,140.0,0.65,0.64,0.01,30.0
2010-11,Middle Tennessee,0.4,0.6,0.2,1298.0,0.43,0.64,0.21,1291.0
2011-12,Middle Tennessee,0.57,0.55,0.02,140.0,0.5,0.58,0.09,663.0
2012-13,Middle Tennessee,0.63,0.35,0.28,1433.0,0.66,0.4,0.27,1411.0
2013-14,Middle Tennessee,0.61,0.47,0.13,957.0,0.63,0.54,0.08,587.0
2014-15,Middle Tennessee,0.53,0.48,0.05,404.0,0.52,0.48,0.04,268.0
2015-16,Middle Tennessee,0.5,0.47,0.03,222.0,0.54,0.48,0.06,440.0
2016-17,Middle Tennessee,0.61,0.41,0.19,1253.0,0.64,0.41,0.23,1339.0
2017-18,Middle Tennessee,0.59,0.53,0.06,481.0,0.6,0.49,0.11,815.0
2018-19,Middle Tennessee,0.37,0.49,0.12,907.0,0.41,0.48,0.06,440.0
2019-20,Middle Tennessee,0.28,0.54,0.26,1406.0,0.31,0.54,0.23,1339.0
2020-21,Middle Tennessee,0.37,0.54,0.17,1178.0,0.32,0.51,0.19,1217.0
2021-22,Middle Tennessee,0.6,0.54,0.06,481.0,0.58,0.53,0.05,349.0
2006-07,Minnesota,0.54,0.59,0.05,404.0,0.48,0.6,0.12,872.0
2007-08,Minnesota,0.41,0.62,0.21,1320.0,0.35,0.62,0.27,1411.0
2008-09,Minnesota,0.66,0.58,0.08,629.0,0.63,0.61,0.02,93.0
2009-10,Minnesota,0.54,0.48,0.06,481.0,0.53,0.5,0.03,177.0
2010-11,Minnesota,0.49,0.57,0.09,709.0,0.44,0.57,0.13,931.0
2011-12,Minnesota,0.52,0.58,0.06,481.0,0.46,0.58,0.12,872.0
2012-13,Minnesota,0.58,0.66,0.08,629.0,0.56,0.66,0.11,815.0
2013-14,Minnesota,0.59,0.75,0.16,1119.0,0.6,0.74,0.14,982.0
2014-15,Minnesota,0.48,0.73,0.25,1395.0,0.52,0.71,0.18,1174.0
2015-16,Minnesota,0.49,0.75,0.26,1406.0,0.45,0.75,0.3,1449.0
2016-17,Minnesota,0.66,0.79,0.13,957.0,0.68,0.75,0.08,587.0
2017-18,Minnesota,0.62,0.75,0.13,957.0,0.54,0.76,0.21,1291.0
2018-19,Minnesota,0.55,0.77,0.22,1346.0,0.56,0.78,0.23,1339.0
2019-20,Minnesota,0.55,0.66,0.11,836.0,0.59,0.65,0.06,440.0
2020-21,Minnesota,0.32,0.66,0.35,1474.0,0.36,0.65,0.29,1437.0
2021-22,Minnesota,0.43,0.57,0.14,1025.0,0.48,0.57,0.09,663.0
2006-07,Mississippi St.,0.58,0.56,0.01,44.0,0.49,0.56,0.07,501.0
2007-08,Mississippi St.,0.52,0.56,0.04,316.0,0.57,0.53,0.04,268.0
2008-09,Mississippi St.,0.51,0.48,0.03,222.0,0.48,0.46,0.01,30.0
2009-10,Mississippi St.,0.5,0.47,0.03,222.0,0.5,0.46,0.04,268.0
2010-11,Mississippi St.,0.6,0.41,0.19,1253.0,0.61,0.41,0.21,1291.0
2011-12,Mississippi St.,0.62,0.51,0.11,836.0,0.6,0.49,0.11,815.0
2012-13,Mississippi St.,0.59,0.43,0.16,1119.0,0.55,0.38,0.17,1131.0
2013-14,Mississippi St.,0.55,0.56,0.01,44.0,0.53,0.54,0.01,30.0
2014-15,Mississippi St.,0.47,0.56,0.09,709.0,0.54,0.55,0.01,30.0
2015-16,Mississippi St.,0.63,0.57,0.07,561.0,0.62,0.59,0.03,177.0
2016-17,Mississippi St.,0.55,0.64,0.09,709.0,0.52,0.65,0.13,931.0
2017-18,Mississippi St.,0.62,0.63,0.01,44.0,0.65,0.63,0.02,93.0
2018-19,Mississippi St.,0.73,0.6,0.13,957.0,0.69,0.58,0.11,815.0
2019-20,Mississippi St.,0.63,0.71,0.08,629.0,0.62,0.71,0.09,663.0
2020-21,Mississippi St.,0.64,0.51,0.14,1025.0,0.55,0.46,0.09,663.0
2021-22,Mississippi St.,0.55,0.65,0.09,709.0,0.55,0.65,0.1,746.0
2006-07,Missouri,0.66,0.6,0.06,481.0,0.64,0.58,0.05,349.0
2007-08,Missouri,0.63,0.59,0.04,316.0,0.67,0.54,0.13,931.0
2008-09,Missouri,0.67,0.62,0.04,316.0,0.7,0.56,0.14,982.0
2009-10,Missouri,0.59,0.64,0.05,404.0,0.61,0.59,0.02,93.0
2010-11,Missouri,0.57,0.69,0.13,957.0,0.63,0.64,0.01,30.0
2011-12,Missouri,0.65,0.64,0.01,44.0,0.67,0.6,0.07,501.0
2012-13,Missouri,0.48,0.64,0.16,1119.0,0.48,0.62,0.14,982.0
2013-14,Missouri,0.54,0.75,0.21,1320.0,0.63,0.75,0.12,872.0
2014-15,Missouri,0.48,0.62,0.14,1025.0,0.53,0.59,0.07,501.0
2015-16,Missouri,0.41,0.74,0.33,1468.0,0.4,0.75,0.35,1470.0
2016-17,Missouri,0.47,0.64,0.17,1178.0,0.4,0.67,0.27,1411.0
2017-18,Missouri,0.6,0.61,0.01,44.0,0.58,0.64,0.06,440.0
2018-19,Missouri,0.56,0.67,0.1,778.0,0.56,0.7,0.13,931.0
2019-20,Missouri,0.54,0.58,0.04,316.0,0.56,0.59,0.04,268.0
2020-21,Missouri,0.41,0.64,0.22,1346.0,0.47,0.6,0.13,931.0
2021-22,Missouri,0.49,0.47,0.02,140.0,0.48,0.45,0.03,177.0
2006-07,NC State,0.56,0.53,0.02,140.0,0.48,0.48,0.01,30.0
2007-08,NC State,0.58,0.44,0.14,1025.0,0.52,0.42,0.1,746.0
2008-09,NC State,0.47,0.4,0.08,629.0,0.48,0.39,0.09,663.0
2009-10,NC State,0.57,0.45,0.12,907.0,0.53,0.44,0.09,663.0
2010-11,NC State,0.56,0.48,0.07,561.0,0.58,0.47,0.11,815.0
2011-12,NC State,0.66,0.51,0.16,1119.0,0.65,0.52,0.12,872.0
2012-13,NC State,0.71,0.61,0.1,778.0,0.66,0.61,0.05,349.0
2013-14,NC State,0.55,0.69,0.13,957.0,0.48,0.69,0.21,1291.0
2014-15,NC State,0.62,0.59,0.03,222.0,0.61,0.57,0.04,268.0
2015-16,NC State,0.58,0.5,0.08,629.0,0.55,0.52,0.03,177.0
2016-17,NC State,0.55,0.51,0.04,316.0,0.53,0.56,0.03,177.0
2017-18,NC State,0.68,0.57,0.11,836.0,0.68,0.6,0.07,501.0
2018-19,NC State,0.68,0.61,0.07,561.0,0.68,0.63,0.05,349.0
2019-20,NC State,0.62,0.66,0.04,316.0,0.59,0.66,0.07,501.0
2020-21,NC State,0.63,0.6,0.03,222.0,0.63,0.62,0.01,30.0
2021-22,NC State,0.55,0.69,0.14,1025.0,0.59,0.69,0.1,746.0
2006-07,Nebraska,0.56,0.75,0.19,1253.0,0.58,0.77,0.19,1217.0
2007-08,Nebraska,0.65,0.64,0.0,1.0,0.58,0.68,0.1,746.0
2008-09,Nebraska,0.54,0.68,0.14,1025.0,0.58,0.68,0.1,746.0
2009-10,Nebraska,0.51,0.7,0.18,1223.0,0.56,0.75,0.19,1217.0
2010-11,Nebraska,0.58,0.7,0.12,907.0,0.62,0.69,0.07,501.0
2011-12,Nebraska,0.55,0.69,0.14,1025.0,0.57,0.72,0.15,1034.0
2012-13,Nebraska,0.51,0.75,0.24,1373.0,0.55,0.75,0.2,1261.0
2013-14,Nebraska,0.64,0.75,0.11,836.0,0.65,0.77,0.12,872.0
2014-15,Nebraska,0.55,0.64,0.09,709.0,0.57,0.65,0.08,587.0
2015-16,Nebraska,0.56,0.7,0.14,1025.0,0.52,0.7,0.18,1174.0
2016-17,Nebraska,0.55,0.53,0.02,140.0,0.56,0.54,0.03,177.0
2017-18,Nebraska,0.52,0.69,0.18,1223.0,0.49,0.71,0.23,1339.0
2018-19,Nebraska,0.53,0.51,0.02,140.0,0.48,0.55,0.07,501.0
2019-20,Nebraska,0.32,0.63,0.31,1458.0,0.37,0.6,0.23,1339.0
2020-21,Nebraska,0.52,0.57,0.05,404.0,0.44,0.61,0.18,1174.0
2021-22,Nebraska,0.33,0.76,0.43,1486.0,0.31,0.76,0.44,1484.0
2006-07,Nevada,0.67,0.5,0.17,1178.0,0.68,0.5,0.18,1174.0
2007-08,Nevada,0.58,0.66,0.08,629.0,0.55,0.63,0.08,587.0
2008-09,Nevada,0.51,0.58,0.07,561.0,0.53,0.55,0.02,93.0
2009-10,Nevada,0.62,0.41,0.21,1320.0,0.62,0.42,0.2,1261.0
2010-11,Nevada,0.5,0.44,0.06,481.0,0.59,0.46,0.13,931.0
2011-12,Nevada,0.64,0.29,0.35,1474.0,0.63,0.26,0.37,1474.0
2012-13,Nevada,0.44,0.37,0.06,481.0,0.45,0.32,0.13,931.0
2013-14,Nevada,0.49,0.43,0.06,481.0,0.45,0.41,0.04,268.0
2014-15,Nevada,0.57,0.3,0.27,1420.0,0.52,0.3,0.22,1312.0
2015-16,Nevada,0.61,0.46,0.15,1075.0,0.59,0.42,0.18,1174.0
2016-17,Nevada,0.51,0.52,0.01,44.0,0.52,0.52,0.01,30.0
2017-18,Nevada,0.6,0.46,0.14,1025.0,0.53,0.45,0.08,587.0
2018-19,Nevada,0.65,0.43,0.22,1346.0,0.67,0.4,0.27,1411.0
2019-20,Nevada,0.48,0.49,0.01,44.0,0.43,0.48,0.05,349.0
2020-21,Nevada,0.59,0.51,0.09,709.0,0.64,0.45,0.19,1217.0
2021-22,Nevada,0.5,0.33,0.17,1178.0,0.52,0.33,0.19,1217.0
2006-07,New Mexico,0.48,0.5,0.02,140.0,0.47,0.5,0.03,177.0
2007-08,New Mexico,0.64,0.54,0.1,778.0,0.67,0.55,0.12,872.0
2008-09,New Mexico,0.61,0.53,0.08,629.0,0.54,0.57,0.03,177.0
2009-10,New Mexico,0.64,0.45,0.19,1253.0,0.52,0.5,0.03,177.0
2010-11,New Mexico,0.4,0.49,0.09,709.0,0.35,0.5,0.16,1086.0
2011-12,New Mexico,0.61,0.46,0.15,1075.0,0.5,0.45,0.04,268.0
2012-13,New Mexico,0.65,0.48,0.17,1178.0,0.59,0.51,0.08,587.0
2013-14,New Mexico,0.65,0.45,0.2,1298.0,0.56,0.48,0.08,587.0
2014-15,New Mexico,0.5,0.58,0.08,629.0,0.45,0.59,0.14,982.0
2015-16,New Mexico,0.59,0.51,0.08,629.0,0.57,0.52,0.05,349.0
2016-17,New Mexico,0.55,0.46,0.1,778.0,0.59,0.47,0.12,872.0
2017-18,New Mexico,0.42,0.45,0.02,140.0,0.4,0.49,0.09,663.0
2018-19,New Mexico,0.42,0.45,0.03,222.0,0.38,0.51,0.13,931.0
2019-20,New Mexico,0.55,0.42,0.13,957.0,0.5,0.42,0.08,587.0
2020-21,New Mexico,0.32,0.35,0.03,222.0,0.29,0.41,0.12,872.0
2021-22,New Mexico,0.36,0.65,0.28,1433.0,0.34,0.65,0.31,1451.0
2006-07,New Mexico State,0.5,0.61,0.11,836.0,0.49,0.62,0.13,931.0
2007-08,New Mexico State,0.49,0.6,0.11,836.0,0.46,0.65,0.19,1217.0
2008-09,New Mexico State,0.61,0.57,0.04,316.0,0.5,0.55,0.05,349.0
2009-10,New Mexico State,0.58,0.56,0.02,140.0,0.5,0.58,0.09,663.0
2010-11,New Mexico State,0.5,0.61,0.11,836.0,0.41,0.58,0.17,1131.0
2011-12,New Mexico State,0.6,0.46,0.14,1025.0,0.54,0.45,0.09,663.0
2012-13,New Mexico State,0.52,0.61,0.09,709.0,0.43,0.6,0.17,1131.0
2013-14,New Mexico State,0.5,0.54,0.04,316.0,0.44,0.53,0.09,663.0
2014-15,New Mexico State,0.38,0.71,0.33,1468.0,0.36,0.7,0.34,1464.0
2015-16,New Mexico State,0.58,0.75,0.17,1178.0,0.51,0.78,0.27,1411.0
2016-17,New Mexico State,0.64,0.67,0.03,222.0,0.56,0.7,0.14,982.0
2017-18,New Mexico State,0.69,0.61,0.08,629.0,0.67,0.62,0.05,349.0
2018-19,New Mexico State,0.7,0.69,0.0,1.0,0.6,0.72,0.12,872.0
2019-20,New Mexico State,0.65,0.63,0.02,140.0,0.57,0.62,0.05,349.0
2021-22,New Mexico State,0.52,0.38,0.14,1025.0,0.45,0.39,0.06,440.0
2006-07,North Carolina,0.74,0.67,0.07,561.0,0.62,0.65,0.03,177.0
2007-08,North Carolina,0.79,0.76,0.03,222.0,0.68,0.74,0.05,349.0
2008-09,North Carolina,0.77,0.76,0.01,44.0,0.75,0.75,0.0,1.0
2009-10,North Carolina,0.6,0.61,0.01,44.0,0.6,0.59,0.01,30.0
2010-11,North Carolina,0.75,0.69,0.07,561.0,0.72,0.7,0.02,93.0
2011-12,North Carolina,0.75,0.71,0.04,316.0,0.71,0.7,0.0,1.0
2012-13,North Carolina,0.77,0.74,0.04,316.0,0.73,0.76,0.03,177.0
2013-14,North Carolina,0.61,0.65,0.05,404.0,0.6,0.68,0.08,587.0
2014-15,North Carolina,0.61,0.77,0.16,1119.0,0.58,0.78,0.21,1291.0
2015-16,North Carolina,0.72,0.56,0.16,1119.0,0.74,0.56,0.18,1174.0
2016-17,North Carolina,0.78,0.67,0.1,778.0,0.74,0.67,0.07,501.0
2017-18,North Carolina,0.65,0.51,0.13,957.0,0.55,0.51,0.04,268.0
2018-19,North Carolina,0.69,0.55,0.13,957.0,0.57,0.5,0.06,440.0
2019-20,North Carolina,0.51,0.5,0.01,44.0,0.53,0.49,0.04,268.0
2020-21,North Carolina,0.56,0.45,0.11,836.0,0.6,0.48,0.12,872.0
2021-22,North Carolina,0.66,0.64,0.01,44.0,0.61,0.66,0.05,349.0
2006-07,Northern Illinois,0.48,0.55,0.08,629.0,0.45,0.58,0.13,931.0
2007-08,Northern Illinois,0.38,0.36,0.02,140.0,0.3,0.37,0.07,501.0
2008-09,Northern Illinois,0.36,0.45,0.08,629.0,0.38,0.47,0.09,663.0
2009-10,Northern Illinois,0.42,0.42,0.0,1.0,0.44,0.41,0.02,93.0
2010-11,Northern Illinois,0.5,0.56,0.06,481.0,0.54,0.57,0.03,177.0
2011-12,Northern Illinois,0.31,0.51,0.2,1298.0,0.41,0.54,0.13,931.0
2012-13,Northern Illinois,0.39,0.44,0.05,404.0,0.47,0.43,0.04,268.0
2013-14,Northern Illinois,0.44,0.47,0.03,222.0,0.55,0.47,0.08,587.0
2014-15,Northern Illinois,0.47,0.54,0.07,561.0,0.55,0.54,0.01,30.0
2015-16,Northern Illinois,0.51,0.57,0.06,481.0,0.54,0.55,0.01,30.0
2016-17,Northern Illinois,0.37,0.68,0.3,1453.0,0.4,0.69,0.29,1437.0
2017-18,Northern Illinois,0.41,0.4,0.0,1.0,0.46,0.4,0.06,440.0
2018-19,Northern Illinois,0.43,0.5,0.06,481.0,0.48,0.49,0.01,30.0
2019-20,Northern Illinois,0.49,0.32,0.17,1178.0,0.47,0.33,0.14,982.0
2020-21,Northern Illinois,0.24,0.38,0.14,1025.0,0.15,0.4,0.25,1390.0
2021-22,Northern Illinois,0.32,0.45,0.13,957.0,0.38,0.46,0.07,501.0
2006-07,Northwestern,0.36,0.6,0.24,1373.0,0.36,0.52,0.15,1034.0
2007-08,Northwestern,0.38,0.53,0.15,1075.0,0.4,0.49,0.09,663.0
2008-09,Northwestern,0.43,0.43,0.0,1.0,0.51,0.39,0.12,872.0
2009-10,Northwestern,0.5,0.52,0.02,140.0,0.54,0.52,0.02,93.0
2010-11,Northwestern,0.49,0.57,0.08,629.0,0.51,0.57,0.06,440.0
2011-12,Northwestern,0.43,0.5,0.07,561.0,0.46,0.49,0.04,268.0
2012-13,Northwestern,0.48,0.53,0.04,316.0,0.54,0.51,0.03,177.0
2013-14,Northwestern,0.39,0.57,0.18,1223.0,0.4,0.55,0.15,1034.0
2014-15,Northwestern,0.39,0.59,0.2,1298.0,0.41,0.59,0.19,1217.0
2015-16,Northwestern,0.45,0.49,0.04,316.0,0.56,0.49,0.07,501.0
2016-17,Northwestern,0.55,0.47,0.08,629.0,0.56,0.47,0.09,663.0
2017-18,Northwestern,0.45,0.53,0.08,629.0,0.53,0.49,0.04,268.0
2018-19,Northwestern,0.47,0.66,0.19,1253.0,0.51,0.62,0.11,815.0
2019-20,Northwestern,0.3,0.6,0.3,1453.0,0.32,0.59,0.27,1411.0
2020-21,Northwestern,0.44,0.62,0.18,1223.0,0.51,0.57,0.05,349.0
2021-22,Northwestern,0.44,0.61,0.17,1178.0,0.4,0.6,0.2,1261.0
2006-07,Notre Dame,0.61,0.58,0.03,222.0,0.67,0.59,0.09,663.0
2007-08,Notre Dame,0.62,0.64,0.02,140.0,0.54,0.63,0.1,746.0
2008-09,Notre Dame,0.59,0.67,0.08,629.0,0.58,0.66,0.08,587.0
2009-10,Notre Dame,0.5,0.8,0.29,1441.0,0.52,0.79,0.27,1411.0
2010-11,Notre Dame,0.59,0.75,0.16,1119.0,0.62,0.73,0.11,815.0
2011-12,Notre Dame,0.58,0.74,0.16,1119.0,0.6,0.73,0.13,931.0
2012-13,Notre Dame,0.67,0.78,0.11,836.0,0.74,0.78,0.04,268.0
2013-14,Notre Dame,0.47,0.74,0.27,1420.0,0.53,0.73,0.2,1261.0
2014-15,Notre Dame,0.7,0.67,0.03,222.0,0.7,0.62,0.07,501.0
2015-16,Notre Dame,0.59,0.68,0.08,629.0,0.65,0.65,0.01,30.0
2016-17,Notre Dame,0.53,0.7,0.18,1223.0,0.5,0.73,0.23,1339.0
2017-18,Notre Dame,0.53,0.7,0.17,1178.0,0.6,0.73,0.13,931.0
2018-19,Notre Dame,0.5,0.72,0.22,1346.0,0.6,0.72,0.12,872.0
2019-20,Notre Dame,0.72,0.54,0.18,1223.0,0.77,0.55,0.22,1312.0
2020-21,Notre Dame,0.65,0.67,0.03,222.0,0.66,0.66,0.0,1.0
2021-22,Notre Dame,0.72,0.68,0.04,316.0,0.75,0.66,0.09,663.0
2006-07,Ohio,0.51,0.6,0.09,709.0,0.55,0.64,0.08,587.0
2007-08,Ohio,0.53,0.62,0.1,778.0,0.53,0.65,0.12,872.0
2008-09,Ohio,0.49,0.54,0.04,316.0,0.45,0.55,0.1,746.0
2009-10,Ohio,0.48,0.47,0.01,44.0,0.53,0.48,0.05,349.0
2010-11,Ohio,0.53,0.5,0.03,222.0,0.55,0.48,0.07,501.0
2011-12,Ohio,0.62,0.53,0.09,709.0,0.66,0.54,0.12,872.0
2012-13,Ohio,0.47,0.47,0.0,1.0,0.55,0.46,0.1,746.0
2013-14,Ohio,0.43,0.56,0.14,1025.0,0.48,0.56,0.08,587.0
2014-15,Ohio,0.54,0.6,0.07,561.0,0.5,0.65,0.16,1086.0
2015-16,Ohio,0.54,0.7,0.16,1119.0,0.57,0.72,0.15,1034.0
2016-17,Ohio,0.57,0.66,0.09,709.0,0.58,0.65,0.07,501.0
2017-18,Ohio,0.45,0.61,0.15,1075.0,0.51,0.58,0.07,501.0
2018-19,Ohio,0.44,0.63,0.19,1253.0,0.5,0.63,0.12,872.0
2019-20,Ohio,0.43,0.53,0.1,778.0,0.41,0.52,0.11,815.0
2020-21,Ohio,0.57,0.52,0.05,404.0,0.62,0.55,0.07,501.0
2021-22,Ohio,0.56,0.45,0.11,836.0,0.49,0.45,0.04,268.0
2006-07,Ohio St.,0.75,0.76,0.01,44.0,0.81,0.77,0.04,268.0
2007-08,Ohio St.,0.61,0.59,0.03,222.0,0.68,0.58,0.09,663.0
2008-09,Ohio St.,0.69,0.7,0.01,44.0,0.71,0.67,0.04,268.0
2009-10,Ohio St.,0.67,0.77,0.09,709.0,0.73,0.77,0.04,268.0
2010-11,Ohio St.,0.7,0.51,0.19,1253.0,0.78,0.55,0.23,1339.0
2011-12,Ohio St.,0.62,0.63,0.01,44.0,0.6,0.65,0.04,268.0
2012-13,Ohio St.,0.71,0.62,0.09,709.0,0.8,0.62,0.17,1131.0
2013-14,Ohio St.,0.63,0.53,0.09,709.0,0.7,0.53,0.17,1131.0
2014-15,Ohio St.,0.7,0.63,0.06,481.0,0.75,0.64,0.11,815.0
2015-16,Ohio St.,0.69,0.69,0.0,1.0,0.74,0.71,0.03,177.0
2016-17,Ohio St.,0.5,0.69,0.2,1298.0,0.59,0.7,0.11,815.0
2017-18,Ohio St.,0.68,0.67,0.0,1.0,0.73,0.66,0.07,501.0
2018-19,Ohio St.,0.62,0.56,0.06,481.0,0.69,0.53,0.16,1086.0
2019-20,Ohio St.,0.68,0.54,0.14,1025.0,0.68,0.53,0.15,1034.0
2020-21,Ohio St.,0.62,0.64,0.02,140.0,0.69,0.67,0.02,93.0
2021-22,Ohio St.,0.55,0.77,0.22,1346.0,0.61,0.77,0.16,1086.0
2006-07,Oklahoma,0.59,0.85,0.26,1406.0,0.63,0.85,0.22,1312.0
2007-08,Oklahoma,0.63,0.73,0.1,778.0,0.67,0.72,0.05,349.0
2008-09,Oklahoma,0.75,0.7,0.06,481.0,0.79,0.67,0.12,872.0
2009-10,Oklahoma,0.63,0.72,0.09,709.0,0.59,0.7,0.11,815.0
2010-11,Oklahoma,0.63,0.68,0.05,404.0,0.66,0.68,0.02,93.0
2011-12,Oklahoma,0.6,0.73,0.13,957.0,0.63,0.7,0.07,501.0
2012-13,Oklahoma,0.67,0.8,0.13,957.0,0.69,0.76,0.07,501.0
2013-14,Oklahoma,0.61,0.73,0.12,907.0,0.68,0.7,0.02,93.0
2014-15,Oklahoma,0.61,0.74,0.13,957.0,0.62,0.71,0.09,663.0
2015-16,Oklahoma,0.65,0.73,0.07,561.0,0.72,0.66,0.06,440.0
2016-17,Oklahoma,0.55,0.75,0.19,1253.0,0.6,0.69,0.09,663.0
2017-18,Oklahoma,0.62,0.66,0.04,316.0,0.67,0.56,0.11,815.0
2018-19,Oklahoma,0.62,0.68,0.05,404.0,0.68,0.59,0.09,663.0
2019-20,Oklahoma,0.71,0.62,0.1,778.0,0.75,0.64,0.11,815.0
2020-21,Oklahoma,0.56,0.69,0.13,957.0,0.63,0.56,0.07,501.0
2021-22,Oklahoma,0.62,0.74,0.12,907.0,0.67,0.7,0.03,177.0
2006-07,Ole Miss,0.59,0.54,0.05,404.0,0.52,0.56,0.04,268.0
2007-08,Ole Miss,0.59,0.55,0.04,316.0,0.51,0.56,0.05,349.0
2008-09,Ole Miss,0.64,0.48,0.16,1119.0,0.63,0.49,0.14,982.0
2009-10,Ole Miss,0.65,0.47,0.17,1178.0,0.67,0.46,0.2,1261.0
2010-11,Ole Miss,0.53,0.38,0.15,1075.0,0.49,0.41,0.07,501.0
2011-12,Ole Miss,0.54,0.4,0.14,1025.0,0.45,0.4,0.05,349.0
2012-13,Ole Miss,0.65,0.4,0.25,1395.0,0.63,0.39,0.24,1368.0
2013-14,Ole Miss,0.65,0.41,0.24,1373.0,0.63,0.41,0.22,1312.0
2014-15,Ole Miss,0.58,0.59,0.01,44.0,0.62,0.6,0.01,30.0
2015-16,Ole Miss,0.68,0.58,0.1,778.0,0.7,0.55,0.15,1034.0
2016-17,Ole Miss,0.56,0.62,0.06,481.0,0.53,0.6,0.07,501.0
2017-18,Ole Miss,0.61,0.53,0.07,561.0,0.54,0.52,0.02,93.0
2018-19,Ole Miss,0.58,0.52,0.06,481.0,0.54,0.47,0.07,501.0
2019-20,Ole Miss,0.57,0.39,0.18,1223.0,0.58,0.4,0.18,1174.0
2020-21,Ole Miss,0.63,0.5,0.13,957.0,0.58,0.41,0.17,1131.0
2021-22,Ole Miss,0.55,0.7,0.15,1075.0,0.59,0.7,0.11,815.0
2008-09,Oregon,0.32,0.44,0.12,907.0,0.43,0.45,0.03,177.0
2009-10,Oregon,0.61,0.61,0.01,44.0,0.63,0.61,0.02,93.0
2010-11,Oregon,0.59,0.63,0.03,222.0,0.67,0.6,0.08,587.0
2011-12,Oregon,0.73,0.65,0.08,629.0,0.76,0.63,0.13,931.0
2012-13,Oregon,0.77,0.66,0.11,836.0,0.81,0.6,0.21,1291.0
2013-14,Oregon,0.71,0.72,0.0,1.0,0.75,0.66,0.08,587.0
2014-15,Oregon,0.68,0.71,0.03,222.0,0.74,0.66,0.07,501.0
2015-16,Oregon,0.65,0.71,0.06,481.0,0.68,0.68,0.0,1.0
2016-17,Oregon,0.63,0.75,0.12,907.0,0.57,0.72,0.14,982.0
2017-18,Oregon,0.54,0.8,0.26,1406.0,0.55,0.77,0.22,1312.0
2018-19,Oregon,0.57,0.61,0.04,316.0,0.61,0.65,0.04,268.0
2019-20,Oregon,0.73,0.72,0.02,140.0,0.72,0.72,0.0,1.0
2020-21,Oregon,0.71,0.7,0.01,44.0,0.68,0.7,0.02,93.0
2021-22,Oregon,0.64,0.67,0.03,222.0,0.65,0.67,0.01,30.0
2006-07,Oregon St.,0.62,0.45,0.17,1178.0,0.6,0.36,0.24,1368.0
2007-08,Oregon St.,0.45,0.42,0.03,222.0,0.47,0.4,0.08,587.0
2008-09,Oregon St.,0.61,0.5,0.11,836.0,0.62,0.51,0.11,815.0
2009-10,Oregon St.,0.53,0.41,0.13,957.0,0.54,0.4,0.14,982.0
2010-11,Oregon St.,0.55,0.34,0.21,1320.0,0.48,0.33,0.16,1086.0
2011-12,Oregon St.,0.59,0.58,0.01,44.0,0.5,0.57,0.07,501.0
2012-13,Oregon St.,0.68,0.48,0.2,1298.0,0.64,0.45,0.19,1217.0
2013-14,Oregon St.,0.65,0.44,0.21,1320.0,0.6,0.45,0.15,1034.0
2014-15,Oregon St.,0.62,0.63,0.01,44.0,0.56,0.65,0.1,746.0
2015-16,Oregon St.,0.57,0.57,0.0,1.0,0.47,0.56,0.09,663.0
2016-17,Oregon St.,0.61,0.58,0.03,222.0,0.46,0.59,0.13,931.0
2017-18,Oregon St.,0.65,0.61,0.04,316.0,0.47,0.64,0.17,1131.0
2018-19,Oregon St.,0.57,0.59,0.02,140.0,0.46,0.58,0.12,872.0
2019-20,Oregon St.,0.49,0.55,0.06,481.0,0.45,0.55,0.1,746.0
2020-21,Oregon St.,0.58,0.43,0.15,1075.0,0.5,0.43,0.06,440.0
2021-22,Oregon St.,0.47,0.51,0.04,316.0,0.48,0.48,0.01,30.0
2006-07,Penn State,0.51,0.62,0.11,836.0,0.53,0.64,0.1,746.0
2007-08,Penn State,0.5,0.66,0.16,1119.0,0.55,0.66,0.11,815.0
2008-09,Penn State,0.62,0.6,0.02,140.0,0.68,0.6,0.08,587.0
2009-10,Penn State,0.46,0.7,0.24,1373.0,0.54,0.71,0.16,1086.0
2010-11,Penn State,0.57,0.69,0.12,907.0,0.56,0.71,0.15,1034.0
2011-12,Penn State,0.5,0.59,0.1,778.0,0.53,0.64,0.11,815.0
2012-13,Penn State,0.34,0.64,0.29,1441.0,0.42,0.68,0.26,1400.0
2013-14,Penn State,0.43,0.61,0.19,1253.0,0.47,0.66,0.19,1217.0
2014-15,Penn State,0.45,0.56,0.11,836.0,0.48,0.54,0.06,440.0
2015-16,Penn State,0.51,0.59,0.08,629.0,0.52,0.59,0.07,501.0
2016-17,Penn State,0.43,0.55,0.12,907.0,0.52,0.59,0.07,501.0
2017-18,Penn State,0.51,0.5,0.01,44.0,0.61,0.55,0.06,440.0
2018-19,Penn State,0.48,0.5,0.02,140.0,0.53,0.53,0.01,30.0
2019-20,Penn State,0.71,0.51,0.2,1298.0,0.73,0.5,0.23,1339.0
2020-21,Penn State,0.43,0.32,0.11,836.0,0.44,0.39,0.05,349.0
2021-22,Penn State,0.45,0.56,0.11,836.0,0.47,0.55,0.08,587.0
2006-07,Pittsburgh,0.6,0.57,0.04,316.0,0.59,0.61,0.02,93.0
2007-08,Pittsburgh,0.5,0.57,0.07,561.0,0.5,0.57,0.07,501.0
2008-09,Pittsburgh,0.69,0.59,0.1,778.0,0.71,0.61,0.1,746.0
2009-10,Pittsburgh,0.71,0.55,0.16,1119.0,0.73,0.56,0.17,1131.0
2010-11,Pittsburgh,0.67,0.54,0.13,957.0,0.68,0.51,0.16,1086.0
2011-12,Pittsburgh,0.52,0.45,0.07,561.0,0.51,0.44,0.07,501.0
2012-13,Pittsburgh,0.69,0.41,0.27,1420.0,0.63,0.41,0.22,1312.0
2013-14,Pittsburgh,0.54,0.42,0.13,957.0,0.56,0.42,0.14,982.0
2014-15,Pittsburgh,0.45,0.67,0.22,1346.0,0.47,0.69,0.22,1312.0
2015-16,Pittsburgh,0.56,0.58,0.03,222.0,0.58,0.58,0.0,1.0
2016-17,Pittsburgh,0.47,0.56,0.08,629.0,0.51,0.56,0.05,349.0
2017-18,Pittsburgh,0.42,0.61,0.18,1223.0,0.4,0.59,0.19,1217.0
2018-19,Pittsburgh,0.41,0.45,0.03,222.0,0.44,0.52,0.08,587.0
2019-20,Pittsburgh,0.55,0.52,0.03,222.0,0.58,0.5,0.08,587.0
2020-21,Pittsburgh,0.51,0.46,0.05,404.0,0.51,0.47,0.04,268.0
2021-22,Pittsburgh,0.53,0.57,0.03,222.0,0.58,0.56,0.02,93.0
2006-07,Purdue,0.51,0.64,0.13,957.0,0.54,0.67,0.13,931.0
2007-08,Purdue,0.62,0.58,0.04,316.0,0.63,0.58,0.05,349.0
2008-09,Purdue,0.56,0.67,0.11,836.0,0.52,0.68,0.16,1086.0
2009-10,Purdue,0.64,0.48,0.17,1178.0,0.61,0.47,0.13,931.0
2010-11,Purdue,0.65,0.65,0.0,1.0,0.58,0.65,0.07,501.0
2011-12,Purdue,0.69,0.7,0.01,44.0,0.64,0.72,0.08,587.0
2012-13,Purdue,0.4,0.58,0.18,1223.0,0.42,0.61,0.19,1217.0
2013-14,Purdue,0.31,0.6,0.29,1441.0,0.27,0.62,0.35,1470.0
2014-15,Purdue,0.44,0.54,0.1,778.0,0.41,0.53,0.12,872.0
2015-16,Purdue,0.38,0.59,0.21,1320.0,0.36,0.61,0.25,1390.0
2016-17,Purdue,0.57,0.5,0.08,629.0,0.51,0.53,0.01,30.0
2017-18,Purdue,0.69,0.48,0.21,1320.0,0.66,0.52,0.14,982.0
2018-19,Purdue,0.5,0.6,0.09,709.0,0.52,0.63,0.11,815.0
2019-20,Purdue,0.47,0.64,0.17,1178.0,0.45,0.64,0.19,1217.0
2020-21,Purdue,0.47,0.46,0.02,140.0,0.45,0.47,0.02,93.0
2021-22,Purdue,0.74,0.58,0.16,1119.0,0.73,0.59,0.13,931.0
2006-07,Rutgers,0.6,0.45,0.15,1075.0,0.62,0.44,0.18,1174.0
2007-08,Rutgers,0.44,0.46,0.03,222.0,0.47,0.44,0.03,177.0
2008-09,Rutgers,0.42,0.4,0.01,44.0,0.46,0.37,0.09,663.0
2009-10,Rutgers,0.53,0.45,0.09,709.0,0.57,0.45,0.12,872.0
2010-11,Rutgers,0.41,0.45,0.04,316.0,0.4,0.46,0.06,440.0
2011-12,Rutgers,0.53,0.5,0.04,316.0,0.56,0.5,0.06,440.0
2012-13,Rutgers,0.51,0.55,0.04,316.0,0.55,0.56,0.0,1.0
2013-14,Rutgers,0.48,0.5,0.02,140.0,0.46,0.49,0.03,177.0
2014-15,Rutgers,0.37,0.51,0.14,1025.0,0.43,0.5,0.07,501.0
2015-16,Rutgers,0.38,0.38,0.0,1.0,0.35,0.37,0.02,93.0
2016-17,Rutgers,0.37,0.21,0.16,1119.0,0.33,0.2,0.13,931.0
2017-18,Rutgers,0.46,0.39,0.07,561.0,0.42,0.39,0.04,268.0
2018-19,Rutgers,0.37,0.5,0.12,907.0,0.31,0.48,0.17,1131.0
2019-20,Rutgers,0.47,0.46,0.01,44.0,0.4,0.45,0.05,349.0
2020-21,Rutgers,0.49,0.34,0.16,1119.0,0.46,0.41,0.05,349.0
2021-22,Rutgers,0.65,0.41,0.24,1373.0,0.59,0.39,0.2,1261.0
2006-07,San Diego St.,0.52,0.49,0.03,222.0,0.47,0.47,0.0,1.0
2007-08,San Diego St.,0.53,0.62,0.09,709.0,0.49,0.58,0.1,746.0
2008-09,San Diego St.,0.62,0.59,0.02,140.0,0.51,0.57,0.06,440.0
2009-10,San Diego St.,0.56,0.63,0.07,561.0,0.52,0.61,0.09,663.0
2010-11,San Diego St.,0.6,0.53,0.07,561.0,0.66,0.51,0.15,1034.0
2011-12,San Diego St.,0.56,0.65,0.09,709.0,0.6,0.67,0.06,440.0
2012-13,San Diego St.,0.58,0.71,0.13,957.0,0.62,0.73,0.1,746.0
2013-14,San Diego St.,0.72,0.58,0.14,1025.0,0.71,0.55,0.17,1131.0
2014-15,San Diego St.,0.67,0.54,0.13,957.0,0.65,0.51,0.14,982.0
2015-16,San Diego St.,0.54,0.47,0.07,561.0,0.63,0.45,0.18,1174.0
2016-17,San Diego St.,0.65,0.53,0.12,907.0,0.68,0.51,0.17,1131.0
2017-18,San Diego St.,0.67,0.42,0.25,1395.0,0.7,0.42,0.27,1411.0
2018-19,San Diego St.,0.58,0.43,0.15,1075.0,0.57,0.41,0.16,1086.0
2019-20,San Diego St.,0.82,0.52,0.3,1453.0,0.78,0.52,0.26,1400.0
2020-21,San Diego St.,0.69,0.49,0.2,1298.0,0.66,0.44,0.21,1291.0
2021-22,San Diego St.,0.56,0.5,0.06,481.0,0.62,0.48,0.14,982.0
2006-07,San Jose St.,0.47,0.41,0.05,404.0,0.48,0.41,0.07,501.0
2007-08,San Jose St.,0.49,0.36,0.13,957.0,0.46,0.34,0.12,872.0
2008-09,San Jose St.,0.58,0.29,0.29,1441.0,0.54,0.28,0.26,1400.0
2009-10,San Jose St.,0.38,0.35,0.03,222.0,0.33,0.27,0.06,440.0
2010-11,San Jose St.,0.5,0.26,0.24,1373.0,0.39,0.23,0.16,1086.0
2011-12,San Jose St.,0.38,0.44,0.06,481.0,0.38,0.43,0.05,349.0
2012-13,San Jose St.,0.37,0.56,0.19,1253.0,0.48,0.52,0.03,177.0
2013-14,San Jose St.,0.32,0.43,0.11,836.0,0.35,0.39,0.04,268.0
2014-15,San Jose St.,0.18,0.47,0.29,1441.0,0.18,0.42,0.24,1368.0
2015-16,San Jose St.,0.32,0.48,0.16,1119.0,0.35,0.46,0.11,815.0
2016-17,San Jose St.,0.39,0.51,0.12,907.0,0.38,0.47,0.08,587.0
2017-18,San Jose St.,0.33,0.52,0.19,1253.0,0.25,0.49,0.24,1368.0
2018-19,San Jose St.,0.26,0.53,0.27,1420.0,0.19,0.49,0.29,1437.0
2019-20,San Jose St.,0.27,0.58,0.31,1458.0,0.3,0.58,0.28,1427.0
2012-13,South Alabama,0.58,0.67,0.08,629.0,0.47,0.61,0.15,1034.0
2013-14,South Alabama,0.4,0.57,0.17,1178.0,0.42,0.51,0.09,663.0
2014-15,South Alabama,0.53,0.5,0.03,222.0,0.49,0.44,0.05,349.0
2015-16,South Alabama,0.56,0.56,0.0,1.0,0.5,0.54,0.04,268.0
2016-17,South Alabama,0.57,0.53,0.03,222.0,0.52,0.51,0.01,30.0
2017-18,South Alabama,0.5,0.57,0.08,629.0,0.44,0.59,0.14,982.0
2018-19,South Alabama,0.49,0.49,0.0,1.0,0.43,0.51,0.08,587.0
2019-20,South Alabama,0.47,0.49,0.02,140.0,0.41,0.48,0.07,501.0
2020-21,South Alabama,0.57,0.52,0.05,404.0,0.51,0.48,0.03,177.0
2021-22,South Alabama,0.59,0.52,0.06,481.0,0.55,0.49,0.06,440.0
2006-07,South Carolina,0.62,0.55,0.07,561.0,0.59,0.54,0.06,440.0
2007-08,South Carolina,0.56,0.47,0.09,709.0,0.52,0.48,0.05,349.0
2008-09,South Carolina,0.64,0.5,0.13,957.0,0.62,0.51,0.11,815.0
2009-10,South Carolina,0.67,0.35,0.31,1458.0,0.6,0.39,0.21,1291.0
2010-11,South Carolina,0.69,0.43,0.26,1406.0,0.64,0.41,0.22,1312.0
2011-12,South Carolina,0.62,0.52,0.1,778.0,0.63,0.53,0.09,663.0
2012-13,South Carolina,0.63,0.62,0.01,44.0,0.66,0.63,0.02,93.0
2013-14,South Carolina,0.63,0.62,0.01,44.0,0.66,0.63,0.03,177.0
2014-15,South Carolina,0.54,0.7,0.15,1075.0,0.54,0.7,0.16,1086.0
2015-16,South Carolina,0.67,0.66,0.01,44.0,0.57,0.67,0.1,746.0
2016-17,South Carolina,0.61,0.66,0.05,404.0,0.58,0.68,0.1,746.0
2017-18,South Carolina,0.58,0.68,0.1,778.0,0.6,0.65,0.05,349.0
2018-19,South Carolina,0.5,0.69,0.19,1253.0,0.51,0.71,0.19,1217.0
2019-20,South Carolina,0.58,0.78,0.2,1298.0,0.55,0.77,0.22,1312.0
2020-21,South Carolina,0.48,0.61,0.13,957.0,0.36,0.63,0.27,1411.0
2021-22,South Carolina,0.54,0.66,0.12,907.0,0.54,0.65,0.11,815.0
2006-07,South Florida,0.53,0.6,0.07,561.0,0.55,0.57,0.02,93.0
2007-08,South Florida,0.51,0.63,0.12,907.0,0.54,0.61,0.08,587.0
2008-09,South Florida,0.5,0.63,0.13,957.0,0.49,0.63,0.13,931.0
2009-10,South Florida,0.52,0.51,0.01,44.0,0.56,0.53,0.03,177.0
2010-11,South Florida,0.43,0.49,0.06,481.0,0.46,0.45,0.01,30.0
2011-12,South Florida,0.6,0.64,0.04,316.0,0.55,0.58,0.03,177.0
2012-13,South Florida,0.5,0.67,0.16,1119.0,0.42,0.65,0.23,1339.0
2013-14,South Florida,0.4,0.64,0.24,1373.0,0.34,0.62,0.28,1427.0
2014-15,South Florida,0.46,0.63,0.17,1178.0,0.4,0.62,0.22,1312.0
2015-16,South Florida,0.39,0.63,0.24,1373.0,0.43,0.6,0.17,1131.0
2016-17,South Florida,0.58,0.62,0.05,404.0,0.59,0.64,0.05,349.0
2017-18,South Florida,0.55,0.62,0.07,561.0,0.59,0.61,0.02,93.0
2018-19,South Florida,0.55,0.64,0.1,778.0,0.55,0.64,0.08,587.0
2019-20,South Florida,0.4,0.48,0.08,629.0,0.38,0.48,0.1,746.0
2020-21,South Florida,0.44,0.65,0.21,1320.0,0.33,0.63,0.29,1437.0
2021-22,South Florida,0.38,0.6,0.22,1346.0,0.33,0.57,0.24,1368.0
2006-07,Southern Miss,0.64,0.4,0.23,1362.0,0.64,0.43,0.21,1291.0
2007-08,Southern Miss,0.62,0.48,0.14,1025.0,0.59,0.48,0.11,815.0
2008-09,Southern Miss,0.56,0.54,0.02,140.0,0.54,0.56,0.02,93.0
2009-10,Southern Miss,0.59,0.53,0.06,481.0,0.58,0.54,0.04,268.0
2010-11,Southern Miss,0.67,0.4,0.27,1420.0,0.66,0.42,0.24,1368.0
2011-12,Southern Miss,0.66,0.39,0.27,1420.0,0.72,0.41,0.31,1451.0
2012-13,Southern Miss,0.54,0.32,0.21,1320.0,0.42,0.34,0.08,587.0
2013-14,Southern Miss,0.6,0.56,0.04,316.0,0.49,0.59,0.1,746.0
2014-15,Southern Miss,0.51,0.52,0.02,140.0,0.41,0.55,0.14,982.0
2015-16,Southern Miss,0.56,0.55,0.0,1.0,0.53,0.56,0.03,177.0
2016-17,Southern Miss,0.6,0.62,0.02,140.0,0.53,0.65,0.12,872.0
2017-18,Southern Miss,0.62,0.46,0.16,1119.0,0.6,0.49,0.11,815.0
2018-19,Southern Miss,0.63,0.56,0.07,561.0,0.6,0.56,0.04,268.0
2019-20,Southern Miss,0.44,0.38,0.05,404.0,0.5,0.41,0.09,663.0
2020-21,Southern Miss,0.52,0.41,0.11,836.0,0.41,0.41,0.0,1.0
2021-22,Southern Miss,0.45,0.54,0.09,709.0,0.39,0.52,0.13,931.0
2006-07,Stanford,0.47,0.76,0.28,1433.0,0.39,0.79,0.4,1479.0
2007-08,Stanford,0.65,0.84,0.19,1253.0,0.58,0.86,0.28,1427.0
2008-09,Stanford,0.54,0.85,0.3,1453.0,0.52,0.86,0.34,1464.0
2009-10,Stanford,0.52,0.77,0.24,1373.0,0.54,0.78,0.25,1390.0
2010-11,Stanford,0.61,0.81,0.2,1298.0,0.67,0.83,0.16,1086.0
2011-12,Stanford,0.72,0.77,0.05,404.0,0.75,0.79,0.04,268.0
2012-13,Stanford,0.62,0.78,0.17,1178.0,0.67,0.82,0.15,1034.0
2013-14,Stanford,0.62,0.72,0.1,778.0,0.67,0.76,0.09,663.0
2014-15,Stanford,0.53,0.61,0.08,629.0,0.56,0.66,0.1,746.0
2015-16,Stanford,0.59,0.55,0.04,316.0,0.64,0.6,0.04,268.0
2016-17,Stanford,0.65,0.63,0.02,140.0,0.65,0.67,0.02,93.0
2017-18,Stanford,0.69,0.63,0.06,481.0,0.66,0.67,0.01,30.0
2018-19,Stanford,0.67,0.77,0.1,778.0,0.65,0.82,0.17,1131.0
2019-20,Stanford,0.48,0.85,0.37,1479.0,0.42,0.85,0.43,1483.0
2020-21,Stanford,0.64,0.68,0.04,316.0,0.63,0.58,0.04,268.0
2021-22,Stanford,0.51,0.74,0.23,1362.0,0.46,0.74,0.27,1411.0
2006-07,Temple,0.32,0.58,0.26,1406.0,0.27,0.58,0.31,1451.0
2007-08,Temple,0.51,0.48,0.03,222.0,0.48,0.48,0.0,1.0
2008-09,Temple,0.46,0.5,0.05,404.0,0.47,0.52,0.05,349.0
2009-10,Temple,0.53,0.53,0.01,44.0,0.6,0.55,0.04,268.0
2010-11,Temple,0.59,0.47,0.12,907.0,0.63,0.45,0.18,1174.0
2011-12,Temple,0.53,0.53,0.0,1.0,0.6,0.51,0.09,663.0
2012-13,Temple,0.51,0.54,0.04,316.0,0.49,0.54,0.05,349.0
2013-14,Temple,0.29,0.45,0.16,1119.0,0.26,0.47,0.21,1291.0
2006-07,Tennessee,0.63,0.83,0.21,1320.0,0.65,0.81,0.15,1034.0
2007-08,Tennessee,0.64,0.73,0.09,709.0,0.69,0.69,0.01,30.0
2008-09,Tennessee,0.51,0.68,0.17,1178.0,0.5,0.68,0.18,1174.0
2009-10,Tennessee,0.61,0.8,0.19,1253.0,0.61,0.81,0.2,1261.0
2010-11,Tennessee,0.5,0.83,0.34,1472.0,0.49,0.83,0.34,1464.0
2011-12,Tennessee,0.48,0.8,0.32,1461.0,0.47,0.8,0.33,1461.0
2012-13,Tennessee,0.48,0.78,0.3,1453.0,0.48,0.77,0.29,1437.0
2013-14,Tennessee,0.58,0.67,0.09,709.0,0.55,0.64,0.09,663.0
2014-15,Tennessee,0.49,0.64,0.15,1075.0,0.51,0.61,0.1,746.0
2015-16,Tennessee,0.51,0.67,0.16,1119.0,0.55,0.65,0.11,815.0
2016-17,Tennessee,0.54,0.69,0.16,1119.0,0.57,0.66,0.09,663.0
2017-18,Tennessee,0.57,0.7,0.13,957.0,0.53,0.66,0.13,931.0
2018-19,Tennessee,0.69,0.71,0.02,140.0,0.64,0.71,0.08,587.0
2019-20,Tennessee,0.66,0.62,0.04,316.0,0.68,0.62,0.07,501.0
2020-21,Tennessee,0.68,0.71,0.03,222.0,0.57,0.68,0.11,815.0
2021-22,Tennessee,0.8,0.7,0.1,778.0,0.74,0.7,0.04,268.0
2006-07,Texas,0.73,0.65,0.08,629.0,0.74,0.66,0.08,587.0
2007-08,Texas,0.71,0.66,0.05,404.0,0.74,0.69,0.06,440.0
2008-09,Texas,0.75,0.71,0.03,222.0,0.78,0.73,0.05,349.0
2009-10,Texas,0.78,0.77,0.01,44.0,0.81,0.78,0.03,177.0
2010-11,Texas,0.71,0.75,0.05,404.0,0.64,0.74,0.1,746.0
2011-12,Texas,0.59,0.74,0.15,1075.0,0.59,0.73,0.13,931.0
2012-13,Texas,0.53,0.74,0.21,1320.0,0.56,0.7,0.14,982.0
2013-14,Texas,0.68,0.69,0.01,44.0,0.66,0.72,0.06,440.0
2014-15,Texas,0.55,0.74,0.19,1253.0,0.53,0.76,0.23,1339.0
2015-16,Texas,0.49,0.81,0.32,1461.0,0.49,0.83,0.34,1464.0
2016-17,Texas,0.51,0.68,0.17,1178.0,0.46,0.72,0.26,1400.0
2017-18,Texas,0.61,0.71,0.1,778.0,0.58,0.76,0.18,1174.0
2018-19,Texas,0.55,0.74,0.19,1253.0,0.59,0.75,0.16,1086.0
2019-20,Texas,0.67,0.78,0.11,836.0,0.68,0.79,0.1,746.0
2020-21,Texas,0.73,0.79,0.06,481.0,0.72,0.8,0.08,587.0
2021-22,Texas,0.63,0.8,0.17,1178.0,0.58,0.82,0.23,1339.0
2006-07,Texas A&M,0.74,0.69,0.05,404.0,0.73,0.66,0.08,587.0
2007-08,Texas A&M,0.68,0.79,0.11,836.0,0.65,0.77,0.12,872.0
2008-09,Texas A&M,0.61,0.63,0.02,140.0,0.55,0.63,0.08,587.0
2009-10,Texas A&M,0.66,0.72,0.06,481.0,0.61,0.71,0.1,746.0
2010-11,Texas A&M,0.7,0.71,0.01,44.0,0.7,0.68,0.02,93.0
2011-12,Texas A&M,0.6,0.7,0.1,778.0,0.56,0.71,0.15,1034.0
2012-13,Texas A&M,0.58,0.73,0.15,1075.0,0.64,0.74,0.1,746.0
2013-14,Texas A&M,0.58,0.66,0.08,629.0,0.6,0.66,0.06,440.0
2014-15,Texas A&M,0.73,0.68,0.04,316.0,0.69,0.69,0.0,1.0
2015-16,Texas A&M,0.74,0.7,0.04,316.0,0.71,0.71,0.0,1.0
2016-17,Texas A&M,0.6,0.73,0.13,957.0,0.59,0.71,0.12,872.0
2017-18,Texas A&M,0.63,0.65,0.02,140.0,0.6,0.61,0.01,30.0
2018-19,Texas A&M,0.58,0.58,0.0,1.0,0.59,0.6,0.01,30.0
2019-20,Texas A&M,0.64,0.72,0.08,629.0,0.66,0.71,0.05,349.0
2020-21,Texas A&M,0.55,0.66,0.12,907.0,0.62,0.66,0.04,268.0
2021-22,Texas A&M,0.65,0.55,0.1,778.0,0.65,0.54,0.12,872.0
2012-13,Texas St.,0.43,0.36,0.07,561.0,0.4,0.37,0.02,93.0
2013-14,Texas St.,0.44,0.53,0.1,778.0,0.43,0.54,0.12,872.0
2014-15,Texas St.,0.45,0.59,0.14,1025.0,0.49,0.59,0.1,746.0
2015-16,Texas St.,0.48,0.57,0.09,709.0,0.42,0.55,0.13,931.0
2016-17,Texas St.,0.5,0.65,0.15,1075.0,0.42,0.63,0.2,1261.0
2017-18,Texas St.,0.46,0.72,0.27,1420.0,0.38,0.72,0.34,1464.0
2018-19,Texas St.,0.62,0.58,0.04,316.0,0.53,0.6,0.06,440.0
2019-20,Texas St.,0.6,0.6,0.0,1.0,0.55,0.59,0.04,268.0
2020-21,Texas St.,0.43,0.71,0.28,1433.0,0.42,0.68,0.25,1390.0
2021-22,Texas St.,0.67,0.56,0.11,836.0,0.59,0.55,0.04,268.0
2006-07,Texas Tech,0.56,0.46,0.1,778.0,0.58,0.46,0.12,872.0
2007-08,Texas Tech,0.51,0.39,0.12,907.0,0.55,0.38,0.17,1131.0
2008-09,Texas Tech,0.49,0.3,0.18,1223.0,0.57,0.31,0.26,1400.0
2009-10,Texas Tech,0.53,0.49,0.04,316.0,0.58,0.43,0.14,982.0
2010-11,Texas Tech,0.52,0.57,0.04,316.0,0.53,0.51,0.02,93.0
2011-12,Texas Tech,0.43,0.62,0.19,1253.0,0.4,0.59,0.19,1217.0
2012-13,Texas Tech,0.45,0.54,0.09,709.0,0.48,0.54,0.06,440.0
2013-14,Texas Tech,0.6,0.44,0.16,1119.0,0.58,0.39,0.19,1217.0
2014-15,Texas Tech,0.48,0.49,0.01,44.0,0.43,0.49,0.06,440.0
2015-16,Texas Tech,0.65,0.43,0.22,1346.0,0.61,0.43,0.18,1174.0
2016-17,Texas Tech,0.64,0.37,0.27,1420.0,0.57,0.37,0.2,1261.0
2017-18,Texas Tech,0.68,0.46,0.21,1320.0,0.63,0.44,0.19,1217.0
2018-19,Texas Tech,0.71,0.63,0.08,629.0,0.64,0.6,0.05,349.0
2019-20,Texas Tech,0.61,0.6,0.01,44.0,0.59,0.61,0.02,93.0
2020-21,Texas Tech,0.64,0.42,0.22,1346.0,0.57,0.41,0.16,1086.0
2021-22,Texas Tech,0.69,0.48,0.21,1320.0,0.65,0.48,0.18,1174.0
2006-07,Toledo,0.51,0.31,0.2,1298.0,0.5,0.32,0.18,1174.0
2007-08,Toledo,0.37,0.34,0.04,316.0,0.38,0.33,0.06,440.0
2008-09,Toledo,0.35,0.37,0.02,140.0,0.3,0.4,0.1,746.0
2009-10,Toledo,0.43,0.47,0.04,316.0,0.38,0.52,0.14,982.0
2010-11,Toledo,0.38,0.42,0.04,316.0,0.4,0.46,0.05,349.0
2011-12,Toledo,0.55,0.44,0.11,836.0,0.58,0.46,0.12,872.0
2012-13,Toledo,0.49,0.47,0.03,222.0,0.55,0.49,0.06,440.0
2013-14,Toledo,0.56,0.47,0.09,709.0,0.59,0.49,0.1,746.0
2014-15,Toledo,0.52,0.37,0.15,1075.0,0.58,0.35,0.23,1339.0
2015-16,Toledo,0.46,0.39,0.07,561.0,0.57,0.39,0.18,1174.0
2016-17,Toledo,0.41,0.54,0.13,957.0,0.5,0.57,0.07,501.0
2017-18,Toledo,0.54,0.55,0.0,1.0,0.62,0.53,0.09,663.0
2018-19,Toledo,0.49,0.5,0.01,44.0,0.54,0.5,0.04,268.0
2019-20,Toledo,0.42,0.43,0.01,44.0,0.4,0.44,0.03,177.0
2020-21,Toledo,0.52,0.51,0.02,140.0,0.59,0.46,0.13,931.0
2021-22,Toledo,0.61,0.56,0.05,404.0,0.6,0.56,0.03,177.0
2006-07,Troy,0.53,0.51,0.02,140.0,0.54,0.45,0.08,587.0
2007-08,Troy,0.51,0.52,0.0,1.0,0.54,0.5,0.04,268.0
2008-09,Troy,0.59,0.56,0.03,222.0,0.6,0.54,0.06,440.0
2009-10,Troy,0.61,0.44,0.16,1119.0,0.63,0.43,0.2,1261.0
2010-11,Troy,0.57,0.39,0.17,1178.0,0.53,0.35,0.18,1174.0
2011-12,Troy,0.42,0.43,0.01,44.0,0.36,0.38,0.02,93.0
2012-13,Troy,0.55,0.42,0.13,957.0,0.49,0.42,0.07,501.0
2013-14,Troy,0.42,0.41,0.01,44.0,0.43,0.4,0.03,177.0
2014-15,Troy,0.45,0.53,0.08,629.0,0.38,0.51,0.13,931.0
2015-16,Troy,0.45,0.54,0.1,778.0,0.39,0.54,0.15,1034.0
2016-17,Troy,0.59,0.44,0.16,1119.0,0.64,0.45,0.19,1217.0
2017-18,Troy,0.63,0.51,0.12,907.0,0.67,0.49,0.17,1131.0
2018-19,Troy,0.51,0.6,0.09,709.0,0.56,0.59,0.03,177.0
2019-20,Troy,0.36,0.75,0.38,1483.0,0.4,0.75,0.35,1470.0
2020-21,Troy,0.45,0.69,0.24,1373.0,0.43,0.68,0.25,1390.0
2021-22,Troy,0.59,0.65,0.06,481.0,0.55,0.65,0.1,746.0
2006-07,UAB,0.43,0.61,0.18,1223.0,0.39,0.62,0.23,1339.0
2007-08,UAB,0.48,0.5,0.02,140.0,0.43,0.53,0.1,746.0
2008-09,UAB,0.55,0.48,0.07,561.0,0.51,0.5,0.01,30.0
2009-10,UAB,0.59,0.57,0.01,44.0,0.56,0.56,0.0,1.0
2010-11,UAB,0.55,0.58,0.03,222.0,0.52,0.55,0.03,177.0
2011-12,UAB,0.48,0.65,0.18,1223.0,0.42,0.66,0.24,1368.0
2012-13,UAB,0.4,0.63,0.23,1362.0,0.37,0.62,0.24,1368.0
2013-14,UAB,0.56,0.55,0.0,1.0,0.46,0.55,0.1,746.0
2014-15,UAB,0.56,0.51,0.05,404.0,0.54,0.49,0.06,440.0
2017-18,UAB,0.49,0.52,0.04,316.0,0.54,0.54,0.01,30.0
2018-19,UAB,0.55,0.52,0.03,222.0,0.61,0.55,0.06,440.0
2019-20,UAB,0.55,0.55,0.0,1.0,0.55,0.55,0.0,1.0
2020-21,UAB,0.49,0.54,0.05,404.0,0.58,0.5,0.08,587.0
2021-22,UAB,0.69,0.49,0.19,1253.0,0.69,0.49,0.2,1261.0
2006-07,UCLA,0.64,0.68,0.04,316.0,0.64,0.67,0.03,177.0
2007-08,UCLA,0.66,0.72,0.06,481.0,0.64,0.68,0.04,268.0
2008-09,UCLA,0.55,0.72,0.16,1119.0,0.52,0.69,0.17,1131.0
2009-10,UCLA,0.64,0.77,0.14,1025.0,0.58,0.76,0.19,1217.0
2010-11,UCLA,0.59,0.72,0.13,957.0,0.53,0.74,0.2,1261.0
2011-12,UCLA,0.66,0.66,0.0,1.0,0.58,0.65,0.06,440.0
2012-13,UCLA,0.72,0.71,0.01,44.0,0.7,0.72,0.02,93.0
2013-14,UCLA,0.6,0.66,0.06,481.0,0.66,0.6,0.06,440.0
2014-15,UCLA,0.7,0.69,0.02,140.0,0.71,0.66,0.05,349.0
2015-16,UCLA,0.48,0.74,0.26,1406.0,0.51,0.74,0.23,1339.0
2016-17,UCLA,0.62,0.77,0.15,1075.0,0.57,0.77,0.19,1217.0
2017-18,UCLA,0.62,0.8,0.19,1253.0,0.58,0.77,0.19,1217.0
2018-19,UCLA,0.67,0.75,0.09,709.0,0.53,0.68,0.15,1034.0
2019-20,UCLA,0.61,0.8,0.18,1223.0,0.6,0.8,0.2,1261.0
2020-21,UCLA,0.65,0.81,0.17,1178.0,0.59,0.78,0.19,1217.0
2021-22,UCLA,0.73,0.76,0.03,222.0,0.71,0.75,0.04,268.0
2006-07,UL Monroe,0.5,0.34,0.16,1119.0,0.47,0.33,0.13,931.0
2007-08,UL Monroe,0.5,0.33,0.16,1119.0,0.47,0.32,0.15,1034.0
2008-09,UL Monroe,0.46,0.29,0.17,1178.0,0.4,0.28,0.12,872.0
2009-10,UL Monroe,0.36,0.33,0.03,222.0,0.4,0.31,0.09,663.0
2010-11,UL Monroe,0.37,0.39,0.02,140.0,0.36,0.34,0.03,177.0
2011-12,UL Monroe,0.38,0.41,0.03,222.0,0.32,0.39,0.07,501.0
2012-13,UL Monroe,0.32,0.31,0.0,1.0,0.37,0.3,0.07,501.0
2013-14,UL Monroe,0.4,0.36,0.04,316.0,0.42,0.34,0.08,587.0
2014-15,UL Monroe,0.51,0.45,0.06,481.0,0.48,0.42,0.05,349.0
2015-16,UL Monroe,0.41,0.42,0.01,44.0,0.37,0.42,0.05,349.0
2016-17,UL Monroe,0.25,0.38,0.13,957.0,0.27,0.33,0.05,349.0
2017-18,UL Monroe,0.44,0.28,0.15,1075.0,0.42,0.25,0.17,1131.0
2018-19,UL Monroe,0.5,0.3,0.19,1253.0,0.5,0.32,0.18,1174.0
2019-20,UL Monroe,0.43,0.3,0.13,957.0,0.46,0.3,0.16,1086.0
2020-21,UL Monroe,0.38,0.21,0.16,1119.0,0.26,0.16,0.1,746.0
2021-22,UL Monroe,0.36,0.3,0.06,481.0,0.35,0.26,0.09,663.0
2006-07,UNLV,0.51,0.58,0.06,481.0,0.46,0.58,0.12,872.0
2007-08,UNLV,0.48,0.46,0.03,222.0,0.44,0.48,0.05,349.0
2008-09,UNLV,0.51,0.54,0.03,222.0,0.51,0.52,0.02,93.0
2009-10,UNLV,0.57,0.49,0.08,629.0,0.55,0.45,0.1,746.0
2010-11,UNLV,0.57,0.45,0.11,836.0,0.48,0.43,0.05,349.0
2011-12,UNLV,0.52,0.52,0.0,1.0,0.46,0.53,0.07,501.0
2012-13,UNLV,0.61,0.46,0.15,1075.0,0.51,0.47,0.04,268.0
2013-14,UNLV,0.59,0.47,0.11,836.0,0.58,0.47,0.1,746.0
2014-15,UNLV,0.44,0.54,0.1,778.0,0.38,0.56,0.18,1174.0
2015-16,UNLV,0.45,0.5,0.05,404.0,0.41,0.51,0.1,746.0
2016-17,UNLV,0.35,0.61,0.26,1406.0,0.34,0.64,0.29,1437.0
2017-18,UNLV,0.58,0.53,0.05,404.0,0.54,0.5,0.03,177.0
2018-19,UNLV,0.5,0.62,0.13,957.0,0.46,0.6,0.14,982.0
2019-20,UNLV,0.44,0.62,0.18,1223.0,0.41,0.63,0.22,1312.0
2020-21,UNLV,0.47,0.68,0.21,1320.0,0.34,0.73,0.39,1478.0
2021-22,UNLV,0.56,0.76,0.2,1298.0,0.47,0.76,0.29,1437.0
2012-13,UTSA,0.51,0.57,0.06,481.0,0.52,0.58,0.06,440.0
2013-14,UTSA,0.49,0.53,0.04,316.0,0.47,0.55,0.07,501.0
2014-15,UTSA,0.51,0.63,0.12,907.0,0.46,0.62,0.17,1131.0
2015-16,UTSA,0.26,0.47,0.21,1320.0,0.25,0.48,0.24,1368.0
2016-17,UTSA,0.48,0.5,0.02,140.0,0.46,0.53,0.06,440.0
2017-18,UTSA,0.57,0.38,0.19,1253.0,0.56,0.38,0.19,1217.0
2018-19,UTSA,0.47,0.44,0.03,222.0,0.42,0.46,0.04,268.0
2019-20,UTSA,0.41,0.41,0.0,1.0,0.42,0.41,0.01,30.0
2020-21,UTSA,0.49,0.28,0.21,1320.0,0.51,0.26,0.26,1400.0
2021-22,UTSA,0.56,0.32,0.24,1373.0,0.6,0.32,0.28,1427.0
2006-07,Utah,0.44,0.62,0.18,1223.0,0.47,0.65,0.17,1131.0
2007-08,Utah,0.53,0.6,0.07,561.0,0.57,0.62,0.04,268.0
2008-09,Utah,0.61,0.6,0.01,44.0,0.73,0.64,0.09,663.0
2009-10,Utah,0.49,0.55,0.06,481.0,0.56,0.57,0.01,30.0
2010-11,Utah,0.55,0.55,0.01,44.0,0.59,0.54,0.05,349.0
2011-12,Utah,0.28,0.46,0.18,1223.0,0.35,0.45,0.1,746.0
2012-13,Utah,0.42,0.49,0.07,561.0,0.43,0.5,0.07,501.0
2013-14,Utah,0.43,0.53,0.1,778.0,0.45,0.52,0.07,501.0
2014-15,Utah,0.51,0.55,0.04,316.0,0.58,0.52,0.06,440.0
2015-16,Utah,0.61,0.52,0.08,629.0,0.66,0.49,0.17,1131.0
2016-17,Utah,0.58,0.63,0.05,404.0,0.62,0.62,0.0,1.0
2017-18,Utah,0.45,0.54,0.09,709.0,0.5,0.56,0.06,440.0
2018-19,Utah,0.45,0.49,0.04,316.0,0.51,0.52,0.02,93.0
2019-20,Utah,0.57,0.63,0.06,481.0,0.59,0.65,0.06,440.0
2020-21,Utah,0.4,0.43,0.03,222.0,0.47,0.45,0.02,93.0
2021-22,Utah,0.52,0.61,0.09,709.0,0.55,0.62,0.07,501.0
2006-07,Virginia,0.68,0.49,0.19,1253.0,0.6,0.53,0.07,501.0
2007-08,Virginia,0.6,0.48,0.12,907.0,0.61,0.52,0.09,663.0
2008-09,Virginia,0.62,0.58,0.03,222.0,0.51,0.59,0.08,587.0
2009-10,Virginia,0.64,0.56,0.08,629.0,0.51,0.55,0.05,349.0
2010-11,Virginia,0.68,0.48,0.21,1320.0,0.56,0.48,0.08,587.0
2011-12,Virginia,0.67,0.52,0.15,1075.0,0.66,0.51,0.15,1034.0
2012-13,Virginia,0.71,0.42,0.29,1441.0,0.6,0.42,0.18,1174.0
2013-14,Virginia,0.72,0.35,0.37,1479.0,0.58,0.39,0.19,1217.0
2014-15,Virginia,0.68,0.42,0.25,1395.0,0.64,0.46,0.17,1131.0
2015-16,Virginia,0.65,0.46,0.19,1253.0,0.58,0.48,0.1,746.0
2016-17,Virginia,0.65,0.41,0.24,1373.0,0.52,0.41,0.11,815.0
2017-18,Virginia,0.65,0.32,0.33,1468.0,0.64,0.34,0.29,1437.0
2018-19,Virginia,0.7,0.38,0.32,1461.0,0.7,0.37,0.33,1461.0
2019-20,Virginia,0.74,0.42,0.32,1461.0,0.73,0.42,0.31,1451.0
2020-21,Virginia,0.6,0.25,0.35,1474.0,0.6,0.15,0.45,1485.0
2021-22,Virginia,0.66,0.37,0.29,1441.0,0.62,0.34,0.29,1437.0
2006-07,Virginia Tech,0.54,0.65,0.11,836.0,0.61,0.62,0.01,30.0
2007-08,Virginia Tech,0.53,0.6,0.07,561.0,0.6,0.55,0.05,349.0
2008-09,Virginia Tech,0.6,0.51,0.09,709.0,0.63,0.52,0.11,815.0
2009-10,Virginia Tech,0.69,0.5,0.19,1253.0,0.72,0.51,0.2,1261.0
2010-11,Virginia Tech,0.61,0.57,0.04,316.0,0.66,0.55,0.11,815.0
2011-12,Virginia Tech,0.6,0.54,0.06,481.0,0.63,0.49,0.14,982.0
2012-13,Virginia Tech,0.56,0.54,0.02,140.0,0.53,0.5,0.03,177.0
2013-14,Virginia Tech,0.4,0.59,0.19,1253.0,0.44,0.57,0.14,982.0
2014-15,Virginia Tech,0.45,0.52,0.08,629.0,0.46,0.51,0.05,349.0
2015-16,Virginia Tech,0.45,0.55,0.1,778.0,0.49,0.56,0.07,501.0
2016-17,Virginia Tech,0.54,0.43,0.11,836.0,0.6,0.45,0.15,1034.0
2017-18,Virginia Tech,0.51,0.44,0.07,561.0,0.57,0.45,0.13,931.0
2018-19,Virginia Tech,0.57,0.7,0.12,907.0,0.56,0.66,0.09,663.0
2019-20,Virginia Tech,0.57,0.61,0.03,222.0,0.6,0.63,0.03,177.0
2020-21,Virginia Tech,0.55,0.61,0.06,481.0,0.55,0.56,0.0,1.0
2021-22,Virginia Tech,0.64,0.66,0.02,140.0,0.61,0.64,0.04,268.0
2006-07,Washington,0.53,0.71,0.18,1223.0,0.51,0.71,0.2,1261.0
2007-08,Washington,0.52,0.6,0.07,561.0,0.46,0.61,0.15,1034.0
2008-09,Washington,0.5,0.69,0.19,1253.0,0.4,0.64,0.24,1368.0
2009-10,Washington,0.57,0.72,0.16,1119.0,0.55,0.69,0.14,982.0
2010-11,Washington,0.47,0.63,0.16,1119.0,0.51,0.61,0.09,663.0
2011-12,Washington,0.59,0.67,0.08,629.0,0.59,0.67,0.08,587.0
2012-13,Washington,0.48,0.72,0.24,1373.0,0.5,0.71,0.22,1312.0
2013-14,Washington,0.65,0.73,0.08,629.0,0.64,0.73,0.09,663.0
2014-15,Washington,0.54,0.76,0.23,1362.0,0.54,0.77,0.23,1339.0
2015-16,Washington,0.57,0.77,0.19,1253.0,0.56,0.77,0.21,1291.0
2016-17,Washington,0.49,0.82,0.32,1461.0,0.56,0.83,0.27,1411.0
2017-18,Washington,0.61,0.67,0.06,481.0,0.65,0.61,0.04,268.0
2018-19,Washington,0.64,0.67,0.04,316.0,0.67,0.62,0.05,349.0
2019-20,Washington,0.53,0.71,0.17,1178.0,0.56,0.72,0.15,1034.0
2020-21,Washington,0.35,0.7,0.35,1474.0,0.45,0.65,0.2,1261.0
2021-22,Washington,0.47,0.64,0.17,1178.0,0.45,0.61,0.16,1086.0
2008-09,Western Kentucky,0.64,0.65,0.01,44.0,0.53,0.64,0.11,815.0
2009-10,Western Kentucky,0.54,0.62,0.08,629.0,0.41,0.64,0.23,1339.0
2010-11,Western Kentucky,0.5,0.57,0.06,481.0,0.42,0.58,0.16,1086.0
2011-12,Western Kentucky,0.46,0.59,0.14,1025.0,0.49,0.58,0.09,663.0
2012-13,Western Kentucky,0.52,0.75,0.23,1362.0,0.53,0.75,0.23,1339.0
2013-14,Western Kentucky,0.56,0.69,0.12,907.0,0.6,0.72,0.12,872.0
2014-15,Western Kentucky,0.54,0.79,0.26,1406.0,0.57,0.8,0.24,1368.0
2015-16,Western Kentucky,0.53,0.65,0.12,907.0,0.61,0.68,0.07,501.0
2016-17,Western Kentucky,0.42,0.69,0.27,1420.0,0.52,0.74,0.23,1339.0
2017-18,Western Kentucky,0.52,0.69,0.16,1119.0,0.53,0.72,0.19,1217.0
2018-19,Western Kentucky,0.49,0.68,0.19,1253.0,0.44,0.66,0.23,1339.0
2019-20,Western Kentucky,0.66,0.84,0.19,1253.0,0.66,0.84,0.18,1174.0
2020-21,Western Kentucky,0.55,0.67,0.12,907.0,0.54,0.66,0.11,815.0
2021-22,Western Kentucky,0.49,0.77,0.27,1420.0,0.53,0.76,0.24,1368.0
2006-07,Western Michigan,0.43,0.5,0.07,561.0,0.48,0.5,0.01,30.0
2007-08,Western Michigan,0.56,0.52,0.04,316.0,0.53,0.52,0.01,30.0
2008-09,Western Michigan,0.35,0.54,0.18,1223.0,0.43,0.52,0.09,663.0
2009-10,Western Michigan,0.35,0.45,0.09,709.0,0.39,0.44,0.05,349.0
2010-11,Western Michigan,0.51,0.48,0.04,316.0,0.52,0.48,0.04,268.0
2011-12,Western Michigan,0.46,0.52,0.06,481.0,0.47,0.51,0.03,177.0
2012-13,Western Michigan,0.42,0.43,0.01,44.0,0.42,0.45,0.03,177.0
2013-14,Western Michigan,0.48,0.42,0.06,481.0,0.41,0.43,0.03,177.0
2014-15,Western Michigan,0.51,0.56,0.05,404.0,0.54,0.57,0.03,177.0
2015-16,Western Michigan,0.43,0.47,0.04,316.0,0.47,0.48,0.0,1.0
2016-17,Western Michigan,0.54,0.48,0.06,481.0,0.63,0.48,0.15,1034.0
2017-18,Western Michigan,0.5,0.55,0.05,404.0,0.5,0.55,0.05,349.0
2018-19,Western Michigan,0.35,0.42,0.06,481.0,0.39,0.42,0.03,177.0
2019-20,Western Michigan,0.47,0.46,0.01,44.0,0.5,0.43,0.07,501.0
2020-21,Western Michigan,0.42,0.41,0.01,44.0,0.45,0.45,0.0,1.0
2021-22,Western Michigan,0.33,0.49,0.16,1119.0,0.38,0.5,0.12,872.0
